name,datetime,tempmax,tempmin,temp,feelslikemax,feelslikemin,feelslike,dew,humidity,precip,precipprob,precipcover,preciptype,snow,snowdepth,windgust,windspeed,winddir,sealevelpressure,cloudcover,visibility,solarradiation,solarenergy,uvindex,severerisk,sunrise,sunset,moonphase,conditions,description,icon,stations
"21.95,100.44",2021-01-01,22.1,4.9,13.7,22.1,4.9,13.5,8.6,74,0,0,0,,,,18,6.5,85.6,1019.3,61.7,16.8,210.7,18.2,8,,2021-01-01T07:57:15,2021-01-01T18:46:26,0.57,Partially cloudy,Partly cloudy throughout the day.,partly-cloudy-day,"remote,56959099999"
"21.95,100.44",2021-01-02,23.9,5,13.5,23.9,4,13.4,9.1,77.7,0,0,0,,,,14.4,5.4,107.8,1017.6,44.8,11.4,212.8,18.4,8,,2021-01-02T07:57:33,2021-01-02T18:47:04,0.61,Partially cloudy,Partly cloudy throughout the day.,partly-cloudy-day,"remote,56959099999"
"21.95,100.44",2021-01-03,23.9,8.3,14.8,23.9,8.3,14.8,10.9,80.1,0,0,0,,,,14.4,6.8,101.3,1016.5,46.9,11.6,211.2,18.2,8,,2021-01-03T07:57:50,2021-01-03T18:47:43,0.64,Partially cloudy,Clearing in the afternoon.,partly-cloudy-day,"remote,56959099999"
"21.95,100.44",2021-01-04,26.6,8.9,15.4,26.6,8.5,15.4,11.5,80,0,0,0,,,,14.4,6.5,110.8,1016.8,66.5,11.6,205.1,17.8,8,,2021-01-04T07:58:06,2021-01-04T18:48:22,0.68,Partially cloudy,Partly cloudy throughout the day.,partly-cloudy-day,"remote,56959099999"
"21.95,100.44",2021-01-05,27.2,10.2,17.2,27.6,10.2,17.2,12.6,77.2,0,0,0,,,,14.4,6.1,145.2,1015.5,79,10,214.7,18.5,8,,2021-01-05T07:58:20,2021-01-05T18:49:02,0.71,Partially cloudy,Partly cloudy throughout the day.,partly-cloudy-day,"remote,56959099999"
"21.95,100.44",2021-01-06,27.9,10.3,17.4,28.1,10.3,17.5,13.4,79.7,0,0,0,,,,14.4,6.5,166.2,1013.1,89.3,11.4,211,18.2,8,,2021-01-06T07:58:34,2021-01-06T18:49:42,0.75,Partially cloudy,Partly cloudy throughout the day.,partly-cloudy-day,"remote,56959099999"
"21.95,100.44",2021-01-07,28.6,13.3,18.8,29,13.3,18.8,14.5,78.7,0,0,0,,,,10.8,5,194.2,1011.6,65.8,14.1,207.9,18.2,8,,2021-01-07T07:58:46,2021-01-07T18:50:22,0.79,Partially cloudy,Partly cloudy throughout the day.,partly-cloudy-day,"remote,56959099999"
"21.95,100.44",2021-01-08,23.4,9.7,15.3,23.4,9.7,15.3,12.5,84.1,0.1,100,4.17,rain,,,14.4,6.5,92.9,1012.4,71.3,12.3,134.7,11.7,5,,2021-01-08T07:58:57,2021-01-08T18:51:03,0.82,"Rain, Partially cloudy",Partly cloudy throughout the day with afternoon rain.,rain,"remote,56959099999"
"21.95,100.44",2021-01-09,20.6,6.6,12.7,20.6,6.5,12.7,10.4,86.7,5.1,100,12.5,rain,,,14.4,7.2,114.4,1012.7,64.1,19.9,146.2,12.6,6,,2021-01-09T07:59:06,2021-01-09T18:51:44,0.86,"Rain, Partially cloudy",Partly cloudy throughout the day with rain in the morning and afternoon.,rain,"remote,56959099999"
"21.95,100.44",2021-01-10,18.8,7.8,13.4,18.8,7.8,13.4,11,86.5,0.7,100,20.83,rain,,,10.8,5,122.6,1013.9,73.8,24.6,138.3,12,5,,2021-01-10T07:59:14,2021-01-10T18:52:25,0.89,"Rain, Partially cloudy",Partly cloudy throughout the day with rain clearing later.,rain,"remote,56959099999"
"21.95,100.44",2021-01-11,16.7,5.1,10.2,16.7,3.9,9.6,8.1,86.9,2.6,100,12.5,rain,,,14.4,9,83.6,1018.5,83.7,15.9,78.9,6.9,3,,2021-01-11T07:59:21,2021-01-11T18:53:06,0.93,"Rain, Partially cloudy",Partly cloudy throughout the day with rain.,rain,"remote,56959099999"
"21.95,100.44",2021-01-12,11.2,3,7.3,11.2,1.6,6.8,4.2,81.3,0.3,100,8.33,rain,,,14.4,7.2,60.9,1025.8,85.2,18.9,120.5,10.6,4,,2021-01-12T07:59:27,2021-01-12T18:53:48,0.96,"Rain, Partially cloudy",Partly cloudy throughout the day with rain clearing later.,rain,"remote,56959099999"
"21.95,100.44",2021-01-13,18.7,4,11,18.7,4,11,7.4,80.6,0.1,100,4.17,rain,,,14.4,3.6,133.5,1019.6,70.1,15.6,163.5,14.1,6,,2021-01-13T07:59:31,2021-01-13T18:54:29,0,"Rain, Partially cloudy",Partly cloudy throughout the day with afternoon rain.,rain,"remote,56959099999"
"21.95,100.44",2021-01-14,22.1,7.6,13.2,22.1,7.6,13.2,9,78.8,0,0,0,,,,18,7.2,76.5,1016.9,83.5,9.3,179.9,15.4,7,,2021-01-14T07:59:33,2021-01-14T18:55:11,0.03,Partially cloudy,Partly cloudy throughout the day.,partly-cloudy-day,"remote,56959099999"
"21.95,100.44",2021-01-15,23.1,8.3,14.4,23.1,8.3,14.4,10.1,77.7,0,0,0,,,,18,5,214.4,1013.9,47.5,8.1,180.8,15.6,7,,2021-01-15T07:59:35,2021-01-15T18:55:53,0.06,Partially cloudy,Partly cloudy throughout the day.,partly-cloudy-day,"remote,56959099999"
"21.95,100.44",2021-01-16,25.4,10.3,16.1,25.4,10.3,16.1,11.2,75.5,0,0,0,,,,10.8,6.8,189.8,1011.9,58.8,7.1,209.1,18.2,8,,2021-01-16T07:59:35,2021-01-16T18:56:35,0.09,Partially cloudy,Clearing in the afternoon.,partly-cloudy-day,"remote,56959099999"
"21.95,100.44",2021-01-17,25.6,9,14.3,25.6,8.3,14.2,11,81.6,0,0,0,,,,21.6,8.6,82.7,1016.3,72.6,9.6,116.3,10,5,,2021-01-17T07:59:34,2021-01-17T18:57:16,0.13,Partially cloudy,Partly cloudy throughout the day.,partly-cloudy-day,"remote,56959099999"
"21.95,100.44",2021-01-18,19.4,7.3,13.4,19.4,6.6,13.2,8.2,72.7,0,0,0,,,,21.6,7.2,72.7,1020,29.6,25.3,192,16.5,7,,2021-01-18T07:59:31,2021-01-18T18:57:58,0.16,Partially cloudy,Partly cloudy throughout the day.,partly-cloudy-day,"remote,56959099999"
"21.95,100.44",2021-01-19,23.2,7.6,14.3,23.2,7.6,14.3,9.7,76.7,0,0,0,,,,14.4,6.5,184.7,1016.1,21.7,13.7,188.7,16.3,7,,2021-01-19T07:59:27,2021-01-19T18:58:40,0.19,Partially cloudy,Partly cloudy throughout the day.,partly-cloudy-day,"remote,56959099999"
"21.95,100.44",2021-01-20,25.1,8.9,15.6,25.1,8,15.5,11.4,78.5,0,0,0,,,,28.8,10.8,205.5,1012.2,33.3,12,170,14.7,7,,2021-01-20T07:59:22,2021-01-20T18:59:21,0.22,Partially cloudy,Partly cloudy throughout the day.,partly-cloudy-day,"remote,56959099999"
"21.95,100.44",2021-01-21,27.6,9.3,16.4,27,9.3,16.4,10.4,72.6,0,0,0,,,,28.8,6.8,220.1,1012.2,27.6,10.3,218.6,18.8,8,,2021-01-21T07:59:15,2021-01-21T19:00:03,0.25,Partially cloudy,Partly cloudy throughout the day.,partly-cloudy-day,"remote,56959099999"
"21.95,100.44",2021-01-22,26.9,11.2,17.5,26.7,11.2,17.5,11.6,71.1,0.2,100,8.33,rain,,,14.4,7.2,231.1,1011.7,38.8,8.3,191.8,16.5,7,,2021-01-22T07:59:07,2021-01-22T19:00:44,0.29,"Rain, Partially cloudy",Partly cloudy throughout the day with rain in the morning and afternoon.,rain,"remote,56959099999"
"21.95,100.44",2021-01-23,25.7,12,17.4,25.7,12,17.4,12.4,74.3,0,0,0,,,,25.2,7.2,202.2,1010.9,54.7,7.6,153.2,13.3,6,,2021-01-23T07:58:57,2021-01-23T19:01:25,0.32,Partially cloudy,Partly cloudy throughout the day.,partly-cloudy-day,"remote,56959099999"
"21.95,100.44",2021-01-24,28.4,10.2,17.4,27.6,10.2,17.4,11.4,72.4,0,0,0,,,,25.2,10.8,238.5,1011.6,33.3,8.3,222.6,19.3,8,,2021-01-24T07:58:47,2021-01-24T19:02:06,0.35,Partially cloudy,Partly cloudy throughout the day.,partly-cloudy-day,"remote,56959099999"
"21.95,100.44",2021-01-25,28.7,10.2,17.6,28.1,10.2,17.6,10.1,66.3,0,0,0,,,,21.6,6.8,242.6,1013.1,54.4,7.6,229.9,20,8,,2021-01-25T07:58:34,2021-01-25T19:02:47,0.38,Partially cloudy,Partly cloudy throughout the day.,partly-cloudy-day,"remote,56959099999"
"21.95,100.44",2021-01-26,29.1,10.3,18.1,28.6,10.3,18.1,11.1,67.4,0,0,0,,,,10.8,7.6,234.7,1012.7,12.2,8.3,226.9,19.7,8,,2021-01-26T07:58:21,2021-01-26T19:03:27,0.42,Clear,Clear conditions throughout the day.,clear-day,"remote,56959099999"
"21.95,100.44",2021-01-27,29.4,12.3,18.7,29,12.3,18.6,12.2,70.2,0,0,0,,,,14.4,6.8,244.3,1012.1,39.7,9.1,228.2,19.8,8,,2021-01-27T07:58:06,2021-01-27T19:04:07,0.45,Partially cloudy,Partly cloudy throughout the day.,partly-cloudy-day,"remote,56959099999"
"21.95,100.44",2021-01-28,29.4,11.1,18.9,29,11.1,18.9,12.1,68.3,0,0,0,,,,10.8,6.5,121.7,1014.5,24.5,9.6,226.3,19.5,8,,2021-01-28T07:57:50,2021-01-28T19:04:47,0.48,Partially cloudy,Partly cloudy throughout the day.,partly-cloudy-day,"remote,56959099999"
"21.95,100.44",2021-01-29,28.1,11.2,17.6,28.4,11.2,17.6,13.6,80.1,0,0,0,,,,25.2,7.2,123.3,1013.3,41.5,9,158.7,13.7,6,,2021-01-29T07:57:32,2021-01-29T19:05:26,0.5,Partially cloudy,Partly cloudy throughout the day.,partly-cloudy-day,"remote,56959099999"
"21.95,100.44",2021-01-30,26.1,12.8,18.2,26.1,12.8,18.2,14.8,82.7,0.2,100,8.33,rain,,,25.2,10.8,194.6,1012.4,30,12.3,191.1,16.5,7,,2021-01-30T07:57:14,2021-01-30T19:06:05,0.55,"Rain, Partially cloudy",Partly cloudy throughout the day with rain clearing later.,rain,"remote,56959099999"
"21.95,100.44",2021-01-31,28.4,13.2,18.3,28.3,13.2,18.3,14.1,79.9,0.5,100,20.83,rain,,,28.8,10.8,193.5,1012.9,72.8,14.7,206.7,17.9,8,,2021-01-31T07:56:54,2021-01-31T19:06:44,0.58,"Rain, Partially cloudy",Partly cloudy throughout the day with rain clearing later.,rain,"remote,56959099999"
"21.95,100.44",2021-02-01,28.7,12.6,18.5,27.8,12.6,18.4,12,71.3,0,0,0,,,,28.8,7.2,216.4,1014.2,29.7,15.3,230.7,20,8,,2021-02-01T07:56:32,2021-02-01T19:07:22,0.62,Partially cloudy,Partly cloudy throughout the day.,partly-cloudy-day,"remote,56959099999"
"21.95,100.44",2021-02-02,29.2,12.4,18.4,28.1,12.4,18.4,10.5,63.6,0,0,0,,,,25.2,7.2,218.2,1014.4,11.7,15,233.8,20.3,8,,2021-02-02T07:56:10,2021-02-02T19:08:00,0.66,Clear,Clear conditions throughout the day.,clear-day,"remote,56959099999"
"21.95,100.44",2021-02-03,28.9,10.6,18.7,27.9,10.6,18.6,10.9,64.1,0,0,0,,,,21.6,7.2,219.4,1014.9,17.5,14.9,226,19.4,8,,2021-02-03T07:55:46,2021-02-03T19:08:38,0.69,Clear,Clear conditions throughout the day.,clear-day,"remote,56959099999"
"21.95,100.44",2021-02-04,30.7,11.9,19.2,29.2,11.9,19.2,12.1,67.8,0,0,0,,,,21.6,7.2,205.9,1015.2,8,16.9,220.4,19,8,,2021-02-04T07:55:21,2021-02-04T19:09:15,0.73,Clear,Clear conditions throughout the day.,clear-day,"remote,56959099999"
"21.95,100.44",2021-02-05,29.9,12.7,19.6,28.4,12.7,19.4,11.7,65.4,0,0,0,,,,18,7.2,216,1014.3,9.4,20,234.6,20.3,8,,2021-02-05T07:54:55,2021-02-05T19:09:52,0.75,Clear,Clear conditions throughout the day.,clear-day,"remote,56959099999"
"21.95,100.44",2021-02-06,28.6,13.1,19.5,28.3,13.1,19.4,13.5,71.3,0,0,0,,,,10.8,5,169.7,1013,24.3,14.4,180.5,15.5,7,,2021-02-06T07:54:27,2021-02-06T19:10:28,0.8,Partially cloudy,Partly cloudy throughout the day.,partly-cloudy-day,"remote,56959099999"
"21.95,100.44",2021-02-07,24,14.9,18.9,24,14.9,18.9,15.5,81.7,2.8,100,8.33,rain,,,14.4,7.2,209.8,1013.1,42,9.3,158.9,13.7,6,,2021-02-07T07:53:59,2021-02-07T19:11:04,0.83,"Rain, Partially cloudy",Partly cloudy throughout the day with rain.,rain,"remote,56959099999"
"21.95,100.44",2021-02-08,16.3,9.9,14.2,16.3,9.4,14.2,13.3,94.4,70,100,29.17,rain,,,18,7.6,19.2,1017.5,78,4.6,85.8,7.4,3,,2021-02-08T07:53:29,2021-02-08T19:11:39,0.87,"Rain, Partially cloudy",Partly cloudy throughout the day with a chance of rain throughout the day.,rain,"remote,56959099999"
"21.95,100.44",2021-02-09,19.9,6.5,12.9,19.9,6.2,12.8,9,79.9,5,100,4.17,rain,,,18,6.8,11.1,1017.4,33.2,30,227.7,19.7,9,,2021-02-09T07:52:58,2021-02-09T19:12:14,0.91,"Rain, Partially cloudy",Partly cloudy throughout the day with early morning rain.,rain,"remote,56959099999"
"21.95,100.44",2021-02-10,23.9,6.3,13.4,23.9,5.1,13.2,9.4,79.6,2.1,100,20.83,rain,,,14.4,7.2,58.6,1016.8,21.4,27.8,248,21.5,9,,2021-02-10T07:52:26,2021-02-10T19:12:48,0.94,"Rain, Partially cloudy",Partly cloudy throughout the day with rain clearing later.,rain,"remote,56959099999"
"21.95,100.44",2021-02-11,23.7,9.4,15.8,23.7,9.4,15.8,10.4,73.4,0,0,0,,,,7.2,7.2,195.2,1017,1.8,14,254.9,22,9,,2021-02-11T07:51:53,2021-02-11T19:13:22,0.98,Clear,Clear conditions throughout the day.,clear-day,"remote,56959099999"
"21.95,100.44",2021-02-12,25.2,11.1,17.1,25.2,11.1,17.1,11.2,72.4,0,0,0,,,,,7.2,240.1,,1.7,,251.2,21.6,9,,2021-02-12T07:51:19,2021-02-12T19:13:56,0,Clear,Clear conditions throughout the day.,clear-day,remote
"21.95,100.44",2021-02-13,25.3,11.8,17.8,25.3,11.8,17.8,11.3,69.5,0,0,0,,,,13,6.5,246.8,1010.3,22.9,19,250.3,21.5,9,,2021-02-13T07:50:43,2021-02-13T19:14:29,0.04,Partially cloudy,Partly cloudy throughout the day.,partly-cloudy-day,"remote,56959099999"
"21.95,100.44",2021-02-14,29.6,12.2,18.3,28.9,12.2,18.3,12.2,70.6,0,0,0,,,,14.4,7.2,225.8,1012.7,5.7,17.1,224.6,19.2,8,,2021-02-14T07:50:07,2021-02-14T19:15:01,0.08,Clear,Clear conditions throughout the day.,clear-day,"remote,56959099999"
"21.95,100.44",2021-02-15,29.2,12.1,18.5,28.2,12.1,18.4,12.7,73.5,0,0,0,,,,21.6,7.2,228.2,1010.7,2.8,15.1,243.5,21.1,8,,2021-02-15T07:49:30,2021-02-15T19:15:33,0.11,Clear,Clear conditions throughout the day.,clear-day,"remote,56959099999"
"21.95,100.44",2021-02-16,30.4,11.6,18.9,29.3,11.6,18.8,11.5,66.7,0,0,0,,,,28.8,10.8,215.3,1010.8,0.9,15.4,249.6,21.5,9,,2021-02-16T07:48:51,2021-02-16T19:16:05,0.14,Clear,Clear conditions throughout the day.,clear-day,"remote,56959099999"
"21.95,100.44",2021-02-17,29.9,11.4,19.5,29.2,11.4,19.5,13.6,72.1,0,0,0,,,,28.8,14.4,132.2,1013.3,17.8,14.7,232.3,20,9,,2021-02-17T07:48:12,2021-02-17T19:16:36,0.17,Clear,Clear conditions throughout the day.,clear-day,"remote,56959099999"
"21.95,100.44",2021-02-18,27.7,12.3,17.7,28.4,12.3,17.8,14.6,83.6,30,100,4.17,rain,,,25.2,10.8,99.5,1016.2,50,11.7,175.7,15.2,6,,2021-02-18T07:47:32,2021-02-18T19:17:06,0.2,"Rain, Partially cloudy",Clearing in the afternoon with late afternoon rain.,rain,"remote,56959099999"
"21.95,100.44",2021-02-19,23.4,12.4,16.8,23.4,12.4,16.8,14.8,89.1,0.6,100,4.17,rain,,,14.4,5,89.1,1019.6,67.2,11,148.6,12.8,6,,2021-02-19T07:46:51,2021-02-19T19:17:36,0.24,"Rain, Partially cloudy",Partly cloudy throughout the day with early morning rain.,rain,"remote,56959099999"
"21.95,100.44",2021-02-20,23.8,13.1,17.7,23.8,13.1,17.7,14.2,82.2,0.9,100,37.5,rain,,,,4.3,93.9,,76.3,,174.3,15.1,7,,2021-02-20T07:46:09,2021-02-20T19:18:06,0.25,"Rain, Partially cloudy",Partly cloudy throughout the day with rain.,rain,remote
"21.95,100.44",2021-02-21,29.2,14.3,18.5,28.5,14.3,18.5,14.3,78.8,3.4,100,8.33,rain,,0,26.3,6.8,290.7,1014.2,56.6,17,147.4,12.7,6,,2021-02-21T07:45:26,2021-02-21T19:18:35,0.3,"Rain, Partially cloudy",Partly cloudy throughout the day with rain clearing later.,rain,"remote,56959099999"
"21.95,100.44",2021-02-22,29.7,11.8,19.6,28.6,11.8,19.5,11.4,64.4,0,0,0,,,,21.6,7.2,296.9,1012.8,56.1,19.6,272,23.5,9,,2021-02-22T07:44:43,2021-02-22T19:19:04,0.33,Partially cloudy,Partly cloudy throughout the day.,partly-cloudy-day,"remote,56959099999"
"21.95,100.44",2021-02-23,31.2,13,19.9,30.1,13,19.9,11.7,62.5,0,0,0,,,,14.4,7.2,289.4,1011.5,58.9,20.4,220.7,19.2,8,,2021-02-23T07:43:58,2021-02-23T19:19:32,0.37,Partially cloudy,Partly cloudy throughout the day.,partly-cloudy-day,"remote,56959099999"
"21.95,100.44",2021-02-24,32.4,14.4,20.8,31.1,14.4,20.8,14,69,0,0,0,,,,28.8,10.8,233.1,1007.7,82.9,16.7,238.2,20.5,8,,2021-02-24T07:43:13,2021-02-24T19:20:00,0.4,Partially cloudy,Partly cloudy throughout the day.,partly-cloudy-day,"remote,56959099999"
"21.95,100.44",2021-02-25,32.2,12.5,20.5,30.8,12.5,20.2,10.8,59.5,0,0,0,,,,39.6,10.8,256.1,1005.4,28.8,14.4,267.1,23.1,9,,2021-02-25T07:42:27,2021-02-25T19:20:27,0.43,Partially cloudy,Partly cloudy throughout the day.,partly-cloudy-day,"remote,56959099999"
"21.95,100.44",2021-02-26,30.1,10.7,19.4,28.7,10.7,19.2,9.8,59.2,0,0,0,,,,39.6,8.3,267.9,1005.9,36.5,11.1,260.2,22.5,9,,2021-02-26T07:41:40,2021-02-26T19:20:54,0.46,Partially cloudy,Clearing in the afternoon.,partly-cloudy-day,"remote,56959099999"
"21.95,100.44",2021-02-27,31.2,11.4,19.6,29.2,11.4,19.3,9.5,57.4,0,0,0,,,,28.8,10.8,253.6,1006.8,27.4,9.7,258.9,22.4,9,,2021-02-27T07:40:53,2021-02-27T19:21:21,0.5,Partially cloudy,Partly cloudy throughout the day.,partly-cloudy-day,"remote,56959099999"
"21.95,100.44",2021-02-28,32.2,12.9,19.5,30.1,12.9,19.2,8.9,56,0,0,0,,,,28.8,10.8,236.7,1008.4,33.9,11,248,21.4,9,,2021-02-28T07:40:05,2021-02-28T19:21:47,0.53,Partially cloudy,Partly cloudy throughout the day.,partly-cloudy-day,"remote,56959099999"
"21.95,100.44",2021-03-01,31.7,12.9,20.1,29.8,12.9,19.7,8.9,53.7,0,0,0,,,,21.6,7.9,245.7,1012,14.1,10.1,260.1,22.5,9,,2021-03-01T07:39:16,2021-03-01T19:22:12,0.56,Clear,Clear conditions throughout the day.,clear-day,"remote,56959099999"
"21.95,100.44",2021-03-02,30.9,13.9,20.7,29.4,13.9,20.4,9.4,52.4,0,0,0,,,,18,8.3,231.6,1012.8,0.4,9.9,260.2,22.6,9,,2021-03-02T07:38:27,2021-03-02T19:22:38,0.6,Clear,Clear conditions throughout the day.,clear-day,"remote,56959099999"
"21.95,100.44",2021-03-03,31.1,13.2,20.5,30.2,13.2,20.3,10.8,57.8,0,0,0,,,,18,8.6,225.5,1011.6,23.3,8.7,243.4,21,9,,2021-03-03T07:37:37,2021-03-03T19:23:03,0.64,Partially cloudy,Partly cloudy throughout the day.,partly-cloudy-day,"remote,56959099999"
"21.95,100.44",2021-03-04,32.7,14.4,21.1,30.9,14.4,20.9,13.3,66.4,0,0,0,,,,28.8,10.8,229.7,1010.9,29.4,9.4,257.8,22.3,9,,2021-03-04T07:36:47,2021-03-04T19:23:27,0.67,Partially cloudy,Partly cloudy throughout the day.,partly-cloudy-day,"remote,56959099999"
"21.95,100.44",2021-03-05,32.7,11.7,20.2,30.4,11.7,19.8,7.3,49.5,0,0,0,,,,43.2,18,249.3,1010.1,3.8,14,274.7,23.9,9,,2021-03-05T07:35:56,2021-03-05T19:23:51,0.71,Clear,Clear conditions throughout the day.,clear-day,"remote,56959099999"
"21.95,100.44",2021-03-06,31.6,12.1,20,29.6,12.1,19.6,6.3,46.2,0,0,0,,,,43.2,7.9,241,1013,19.6,13.6,271.5,23.5,9,,2021-03-06T07:35:04,2021-03-06T19:24:15,0.75,Clear,Clear conditions throughout the day.,clear-day,"remote,56959099999"
"21.95,100.44",2021-03-07,29.7,12.4,20,28.6,12.4,19.7,7.2,47.8,0,0,0,,,,14.4,8.3,233.8,1013.1,23,10.1,247.7,21.4,9,,2021-03-07T07:34:12,2021-03-07T19:24:39,0.78,Partially cloudy,Partly cloudy throughout the day.,partly-cloudy-day,"remote,56959099999"
"21.95,100.44",2021-03-08,31.4,12.6,20.2,30.1,12.6,19.9,7.8,49.6,0,0,0,,,,14.4,7.9,237.3,1012.9,6.9,7.7,259.1,22.5,9,,2021-03-08T07:33:19,2021-03-08T19:25:02,0.81,Clear,Clear conditions throughout the day.,clear-day,"remote,56959099999"
"21.95,100.44",2021-03-09,32.2,12.6,20.4,30.5,12.6,20.1,9.1,52.8,0,0,0,,,,21.6,7.6,235.8,1012.5,11,7.9,244,21.1,9,,2021-03-09T07:32:27,2021-03-09T19:25:25,0.85,Clear,Clear conditions throughout the day.,clear-day,"remote,56959099999"
"21.95,100.44",2021-03-10,32.6,13.4,21.5,31.2,13.4,21.1,10,52.9,0,0,0,,,,28.8,8.3,244.8,1012.1,40,10,252.2,21.9,9,,2021-03-10T07:31:33,2021-03-10T19:25:48,0.88,Partially cloudy,Clearing in the afternoon.,partly-cloudy-day,"remote,56959099999"
"21.95,100.44",2021-03-11,32.4,13.4,21.8,31,13.4,21.5,10.4,52.7,0,0,0,,,,29.9,6.8,250.3,1013.8,22.4,10.4,246.3,21.2,9,,2021-03-11T07:30:40,2021-03-11T19:26:10,0.92,Partially cloudy,Partly cloudy throughout the day.,partly-cloudy-day,"remote,56959099999"
"21.95,100.44",2021-03-12,32.7,14.1,22.5,31.6,14.1,22.1,11.1,52.7,0,0,0,,,,14.4,5.8,280.9,1013.6,16.6,9.1,252.1,21.7,9,,2021-03-12T07:29:45,2021-03-12T19:26:32,0.96,Clear,Clear conditions throughout the day.,clear-day,"remote,56959099999"
"21.95,100.44",2021-03-13,33.2,12.9,22.2,31.2,12.9,21.7,9.4,49.6,0,0,0,,,,14.4,6.1,269.4,1012.8,1.2,11.9,273.8,23.7,9,,2021-03-13T07:28:51,2021-03-13T19:26:54,0,Clear,Clear conditions throughout the day.,clear-day,"remote,56959099999"
"21.95,100.44",2021-03-14,32.1,13.7,22,31.5,13.7,21.7,11.4,54.7,0,0,0,,,,14.4,7.9,227.4,1010.3,0.9,10.1,242.8,21,9,,2021-03-14T07:27:56,2021-03-14T19:27:16,0.02,Clear,Clear conditions throughout the day.,clear-day,"remote,56959099999"
"21.95,100.44",2021-03-15,33.4,16.2,22.6,34.1,16.2,22.4,13.2,60.2,2,100,54.17,rain,,,18,7.6,231.1,1007.7,35,6.3,252.7,21.8,9,,2021-03-15T07:27:01,2021-03-15T19:27:37,0.06,"Rain, Partially cloudy",Partly cloudy throughout the day with a chance of rain throughout the day.,rain,"remote,56959099999"
"21.95,100.44",2021-03-16,34.2,14.2,22.5,33.9,14.2,22.1,11.4,55.4,0,0,0,,,,18,7.9,231.9,1007.7,6.2,7,271,23.6,9,,2021-03-16T07:26:06,2021-03-16T19:27:58,0.09,Clear,Clear conditions throughout the day.,clear-day,"remote,56959099999"
"21.95,100.44",2021-03-17,33.7,15.6,23,33.7,15.6,22.6,11.5,53.2,0,0,0,,,,18,7.9,241.8,1008,43.1,6.7,257.5,22.2,9,,2021-03-17T07:25:11,2021-03-17T19:28:19,0.12,Partially cloudy,Partly cloudy throughout the day.,partly-cloudy-day,"remote,56959099999"
"21.95,100.44",2021-03-18,34.2,16.2,23.4,33.9,16.2,23,12,54.1,0,0,0,,,,11.5,7.9,248.5,1007.9,14.2,6.7,262.8,22.9,9,,2021-03-18T07:24:15,2021-03-18T19:28:40,0.15,Clear,Clear conditions throughout the day.,clear-day,"remote,56959099999"
"21.95,100.44",2021-03-19,34.7,15.7,23.3,34.2,15.7,22.9,11.7,52.8,0,0,0,,,,10.8,7.9,246.7,1007.4,32.8,7.1,254.2,21.9,9,,2021-03-19T07:23:19,2021-03-19T19:29:01,0.19,Partially cloudy,Partly cloudy throughout the day.,partly-cloudy-day,"remote,56959099999"
"21.95,100.44",2021-03-20,34.9,17.4,24.6,35.1,17.4,24.3,13.3,53.3,0,0,0,,,,21.6,7.6,233.3,1005.5,46.1,7.9,248.6,21.7,9,,2021-03-20T07:22:24,2021-03-20T19:29:21,0.22,Partially cloudy,Partly cloudy throughout the day.,partly-cloudy-day,"remote,56959099999"
"21.95,100.44",2021-03-21,35.1,18,25.1,35.4,18,24.8,14.7,56.9,0,0,0,,,,14.4,8.6,195.7,1006.3,65.2,7.3,244.6,21.2,9,,2021-03-21T07:21:28,2021-03-21T19:29:42,0.25,Partially cloudy,Clearing in the afternoon.,partly-cloudy-day,"remote,56959099999"
"21.95,100.44",2021-03-22,28.9,13.5,19.5,30.8,13.5,19.7,13.6,70.1,1,100,4.17,rain,,,28.8,10.8,93.3,1011.3,37.1,8.6,219.1,19,7,,2021-03-22T07:20:31,2021-03-22T19:30:02,0.28,"Rain, Partially cloudy",Partly cloudy throughout the day with late afternoon rain.,rain,"remote,56959099999"
"21.95,100.44",2021-03-23,28.5,11.8,19.2,27.9,11.8,19.1,14.4,77.1,2.9,100,8.33,rain,,,28.8,5.4,122.8,1014.6,15,17,247.4,21.3,9,,2021-03-23T07:19:35,2021-03-23T19:30:22,0.32,Rain,Clear conditions throughout the day with rain clearing later.,rain,"remote,56959099999"
"21.95,100.44",2021-03-24,31.5,15.4,22.4,30.9,15.4,22.3,16,71.4,0.9,100,25,rain,,,10.8,6.5,200.4,1010.5,13.6,13,251.7,21.6,9,,2021-03-24T07:18:39,2021-03-24T19:30:42,0.35,Rain,Clear conditions throughout the day with rain clearing later.,rain,"remote,56959099999"
"21.95,100.44",2021-03-25,33.9,17,23.9,35,17,23.7,14.7,63.8,0,0,0,,,,14.4,6.8,245,1007.9,20.2,6.6,262.5,22.7,9,,2021-03-25T07:17:43,2021-03-25T19:31:02,0.38,Partially cloudy,Partly cloudy throughout the day.,partly-cloudy-day,"remote,56959099999"
"21.95,100.44",2021-03-26,33.4,16.9,23.6,35.1,16.9,23.5,14.6,60.8,0,0,0,,,,10.8,7.2,240.7,1007.4,81.6,7,196.7,17,9,,2021-03-26T07:16:47,2021-03-26T19:31:22,0.41,Partially cloudy,Partly cloudy throughout the day.,partly-cloudy-day,"remote,56959099999"
"21.95,100.44",2021-03-27,35.8,17.2,24.6,33.8,17.2,24.1,12,52.1,0,0,0,,,,25.2,7.2,268.4,1006.6,30.7,6.3,268.4,23.2,9,,2021-03-27T07:15:50,2021-03-27T19:31:42,0.45,Partially cloudy,Partly cloudy throughout the day.,partly-cloudy-day,"remote,56959099999"
"21.95,100.44",2021-03-28,33.6,16.3,23.8,33.1,16.3,23.4,10.8,48.2,0,0,0,,,,25.2,7.6,262.9,1006.3,29.5,6.4,251,21.6,9,,2021-03-28T07:14:54,2021-03-28T19:32:02,0.48,Partially cloudy,Partly cloudy throughout the day.,partly-cloudy-day,"remote,56959099999"
"21.95,100.44",2021-03-29,32.7,16.7,23.7,32.1,16.7,23.4,11,48.4,0,0,0,,,,10.8,8.6,261.4,1005.2,39.7,5.1,220.4,19.1,8,,2021-03-29T07:13:58,2021-03-29T19:32:22,0.5,Partially cloudy,Partly cloudy throughout the day.,partly-cloudy-day,"remote,56959099999"
"21.95,100.44",2021-03-30,35.1,15.7,24.2,32.8,15.7,23.6,9,43.5,0,0,0,,,,36,11.2,259.8,1002.3,65.5,6.1,257.4,22.2,9,,2021-03-30T07:13:03,2021-03-30T19:32:42,0.55,Partially cloudy,Partly cloudy throughout the day.,partly-cloudy-day,"remote,56959099999"
"21.95,100.44",2021-03-31,35.2,15.5,23.9,33.7,15.5,23.4,10.8,47.4,0,0,0,,,,34.6,9,260.6,1002,83.3,6,262.9,22.7,9,,2021-03-31T07:12:07,2021-03-31T19:33:02,0.58,Partially cloudy,Partly cloudy throughout the day.,partly-cloudy-day,"remote,56959099999"
"21.95,100.44",2021-04-01,36.1,17.7,25.1,34.9,17.7,24.6,12.2,49.2,0,0,0,,,,21.6,8.6,244.7,1002.6,45.8,6.3,252.1,21.8,9,,2021-04-01T07:11:11,2021-04-01T19:33:22,0.62,Partially cloudy,Partly cloudy throughout the day.,partly-cloudy-day,"remote,56959099999"
"21.95,100.44",2021-04-02,36.1,16.7,24.7,34.9,16.7,24.2,11.2,47.7,0,0,0,,,,21.6,7.2,253.7,1004.4,32.1,7.3,261.7,22.7,9,,2021-04-02T07:10:16,2021-04-02T19:33:42,0.65,Partially cloudy,Clearing in the afternoon.,partly-cloudy-day,"remote,56959099999"
"21.95,100.44",2021-04-03,34.1,19.8,25.7,32.3,19.8,25.3,12.3,45.8,0,0,0,,,,14.4,6.8,243.3,1006.7,40.5,7.9,205.7,17.8,7,,2021-04-03T07:09:21,2021-04-03T19:34:02,0.69,Partially cloudy,Partly cloudy throughout the day.,partly-cloudy-day,"remote,56959099999"
"21.95,100.44",2021-04-04,24.1,17.5,20.7,24.1,17.5,20.7,16.9,79.8,0.1,100,4.17,rain,,,10.1,4.3,324.6,1010.6,88.1,8.3,28,2.4,1,,2021-04-04T07:08:26,2021-04-04T19:34:22,0.75,"Rain, Partially cloudy",Partly cloudy throughout the day with afternoon rain.,rain,"remote,56959099999"
"21.95,100.44",2021-04-05,22.5,14.9,18.3,22.5,14.9,18.3,15.9,86.9,15.1,100,16.67,rain,,,18,6.1,7.8,1015,88.5,5.9,131.2,11.3,5,,2021-04-05T07:07:31,2021-04-05T19:34:42,0.76,"Rain, Partially cloudy",Partly cloudy throughout the day with a chance of rain throughout the day.,rain,"remote,56959099999"
"21.95,100.44",2021-04-06,19.5,14.7,16.9,19.5,14.7,16.9,15.6,92.4,19,100,20.83,rain,,,18,5.4,14.3,1016.1,76,5.3,96.1,8.2,3,,2021-04-06T07:06:37,2021-04-06T19:35:02,0.79,"Rain, Partially cloudy",Partly cloudy throughout the day with a chance of rain throughout the day.,rain,"remote,56959099999"
"21.95,100.44",2021-04-07,28.1,13,19.9,28.7,13,19.9,15.3,78.9,0.2,100,4.17,rain,,,18,6.1,57,1014.5,26.1,17,254.9,21.9,9,,2021-04-07T07:05:43,2021-04-07T19:35:22,0.83,"Rain, Partially cloudy",Partly cloudy throughout the day with early morning rain.,rain,"remote,56959099999"
"21.95,100.44",2021-04-08,31.4,15.1,22.5,31.7,15.1,22.5,16.2,72.4,0.3,100,8.33,rain,,,21.6,7.2,222.8,1010.3,20.1,11.6,273.7,23.5,10,,2021-04-08T07:04:49,2021-04-08T19:35:43,0.86,"Rain, Partially cloudy",Partly cloudy throughout the day with morning rain.,rain,"remote,56959099999"
"21.95,100.44",2021-04-09,34.2,17.3,24.7,34.8,17.3,24.6,16.2,64.2,0,0,0,,,,21.6,4.3,218.2,1008.7,25.7,11,297.1,25.8,10,,2021-04-09T07:03:56,2021-04-09T19:36:03,0.9,Partially cloudy,Partly cloudy throughout the day.,partly-cloudy-day,"remote,56959099999"
"21.95,100.44",2021-04-10,35.7,19.1,25.4,36,19.1,25.5,17.5,66.4,0,0,0,,,,32.4,7.2,192.1,1009.1,37.6,12.1,257.9,22.2,9,,2021-04-10T07:03:03,2021-04-10T19:36:24,0.93,Partially cloudy,Partly cloudy throughout the day.,partly-cloudy-day,"remote,56959099999"
"21.95,100.44",2021-04-11,30.8,18.1,23.9,33.5,18.1,24.1,18.6,75.8,14.3,100,12.5,rain,,,32.4,10.8,203.8,1010.9,41.6,10.6,253.2,21.8,9,,2021-04-11T07:02:10,2021-04-11T19:36:45,0.97,"Rain, Partially cloudy",Partly cloudy throughout the day with rain.,rain,"remote,56959099999"
"21.95,100.44",2021-04-12,29.4,18.8,23.1,30.2,18.8,23.2,18.8,80,0.1,100,4.17,rain,,,14.4,5.8,218.2,1012.8,85.7,11,188.7,16.3,7,,2021-04-12T07:01:18,2021-04-12T19:37:06,0,"Rain, Partially cloudy",Partly cloudy throughout the day with early morning rain.,rain,"remote,56959099999"
"21.95,100.44",2021-04-13,34.7,18.6,24.7,36.5,18.6,24.8,18.6,74.4,0.7,100,20.83,rain,,,25.2,7.2,216.6,1009.4,75,10.1,240.3,20.7,9,,2021-04-13T07:00:27,2021-04-13T19:37:27,0.04,"Rain, Partially cloudy",Partly cloudy throughout the day with rain.,rain,"remote,56959099999"
"21.95,100.44",2021-04-14,32.2,18.8,24.5,31.3,18.8,24.5,18,71.7,0.2,100,8.33,rain,,,21.6,5,243.9,1009,62.9,10,255.9,22,9,,2021-04-14T06:59:36,2021-04-14T19:37:48,0.07,"Rain, Partially cloudy",Partly cloudy throughout the day with early morning rain.,rain,"remote,56959099999"
"21.95,100.44",2021-04-15,35.7,17.9,25.2,34.4,17.9,24.9,15.8,62.7,0,0,0,,,,36,10.8,262.3,1007.6,68.6,12.4,274.4,23.8,10,,2021-04-15T06:58:45,2021-04-15T19:38:10,0.1,Partially cloudy,Partly cloudy throughout the day.,partly-cloudy-day,"remote,56959099999"
"21.95,100.44",2021-04-16,35.8,19.1,25.1,35,19.1,24.9,15.9,61.7,0.2,100,8.33,rain,,,32.4,7.2,208.4,1007,77.5,10.9,205.4,17.8,8,,2021-04-16T06:57:55,2021-04-16T19:38:31,0.14,"Rain, Partially cloudy",Partly cloudy throughout the day with late afternoon rain.,rain,"remote,56959099999"
"21.95,100.44",2021-04-17,25.4,17.5,21.5,25.4,17.5,21.5,17.1,77.6,3,100,4.17,rain,,,28.8,7.2,33.1,1011.3,75.3,11.1,146.8,12.6,6,,2021-04-17T06:57:05,2021-04-17T19:38:53,0.17,"Rain, Partially cloudy",Partly cloudy throughout the day with afternoon rain.,rain,"remote,56959099999"
"21.95,100.44",2021-04-18,31.7,17.3,22.8,33.3,17.3,22.9,17,74.4,3,100,8.33,rain,,,21.6,7.2,257.2,1010.5,39.7,11.3,272.8,23.5,9,,2021-04-18T06:56:17,2021-04-18T19:39:15,0.2,"Rain, Partially cloudy",Partly cloudy throughout the day with early morning rain.,rain,"remote,56959099999"
"21.95,100.44",2021-04-19,32.6,15.8,23.5,33.3,15.8,23.3,16.4,70.2,0.3,100,12.5,rain,,,36,7.2,235.1,1007.4,20.2,13.7,309.3,26.6,10,,2021-04-19T06:55:28,2021-04-19T19:39:37,0.23,"Rain, Partially cloudy",Partly cloudy throughout the day with rain.,rain,"remote,56959099999"
"21.95,100.44",2021-04-20,34.4,16.5,24.4,33.5,16.5,24.1,15.7,64.6,0.1,100,4.17,rain,,,36,14.4,248.2,1007.5,21,13.4,306.7,26.5,10,,2021-04-20T06:54:40,2021-04-20T19:39:59,0.25,"Rain, Partially cloudy",Partly cloudy throughout the day with morning rain.,rain,"remote,56959099999"
"21.95,100.44",2021-04-21,36.9,17.5,25.6,35.1,17.5,25.1,14.5,57.8,0,0,0,,,,32.4,10.8,250.2,1007.3,5.7,14.3,325.5,28.2,10,,2021-04-21T06:53:53,2021-04-21T19:40:22,0.3,Clear,Clear conditions throughout the day.,clear-day,"remote,56959099999"
"21.95,100.44",2021-04-22,37.7,16.6,26.1,36.2,16.6,25.6,12.8,49.8,0,0,0,,,,25.2,10.8,264.2,1005.7,4.5,13.3,323,28,10,,2021-04-22T06:53:07,2021-04-22T19:40:45,0.33,Clear,Clear conditions throughout the day.,clear-day,"remote,56959099999"
"21.95,100.44",2021-04-23,38.9,16.7,26.4,38,16.7,26,14.3,52.6,0,0,0,,,,39.6,10.8,263.6,1003.3,19.3,11.9,292.5,25.3,10,,2021-04-23T06:52:21,2021-04-23T19:41:07,0.37,Clear,Clear conditions throughout the day.,clear-day,"remote,56959099999"
"21.95,100.44",2021-04-24,38.2,20,27.7,37.4,20,27.5,16.4,55.8,0,0,0,,,,25.2,14.4,246.3,1003.3,49.8,9.7,282,24.3,10,,2021-04-24T06:51:36,2021-04-24T19:41:31,0.4,Partially cloudy,Partly cloudy throughout the day.,partly-cloudy-day,"remote,56959099999"
"21.95,100.44",2021-04-25,35.6,20.7,27.4,39.9,20.7,28.1,18.9,63.4,0.3,100,8.33,rain,,,28.8,8.3,208,1004.7,84,8.6,232.9,20,8,,2021-04-25T06:50:52,2021-04-25T19:41:54,0.43,"Rain, Partially cloudy",Partly cloudy throughout the day with afternoon rain.,rain,"remote,56959099999"
"21.95,100.44",2021-04-26,32.6,21.3,25.5,35.9,21.3,26,20.5,76.8,4,100,8.33,rain,,,39.6,10.8,186.7,1006.5,81.2,13.4,157.4,13.7,6,,2021-04-26T06:50:08,2021-04-26T19:42:18,0.47,"Rain, Partially cloudy",Partly cloudy throughout the day with rain in the morning and afternoon.,rain,"remote,56959099999"
"21.95,100.44",2021-04-27,33.9,19.9,24.6,37.2,19.9,25.2,19.8,77.7,1.8,100,62.5,rain,,,36,10.8,176.9,1007.4,87.2,20.1,146.4,12.5,5,,2021-04-27T06:49:26,2021-04-27T19:42:41,0.5,"Rain, Partially cloudy",Partly cloudy throughout the day with a chance of rain throughout the day.,rain,"remote,56959099999"
"21.95,100.44",2021-04-28,30.6,19.3,23.6,33,19.3,23.9,19.3,79.2,8,100,4.17,rain,,,36,7.2,192.3,1010.7,79.2,17.6,164.1,14.2,6,,2021-04-28T06:48:44,2021-04-28T19:43:05,0.53,"Rain, Partially cloudy",Partly cloudy throughout the day with late afternoon rain.,rain,"remote,56959099999"
"21.95,100.44",2021-04-29,30.2,17.4,21.5,32,17.4,21.6,18,82.1,0.6,100,8.33,rain,,,32.4,9.7,84.8,1012.5,65.2,15,182,15.7,7,,2021-04-29T06:48:02,2021-04-29T19:43:30,0.57,"Rain, Partially cloudy",Partly cloudy throughout the day with rain.,rain,"remote,56959099999"
"21.95,100.44",2021-04-30,33.8,15.5,23.8,34.6,15.5,24,17.8,73.6,4.8,100,41.67,rain,,,21.6,7.2,117.7,1010.7,58.6,16.3,263,22.8,9,,2021-04-30T06:47:22,2021-04-30T19:43:54,0.6,"Rain, Partially cloudy",Partly cloudy throughout the day with a chance of rain throughout the day.,rain,"remote,56959099999"
"21.95,100.44",2021-05-01,30.4,18.6,23.6,30.3,18.6,23.7,18.8,77.5,10.3,100,12.5,rain,,,14.4,4,220.4,1010.7,51.6,18,228,19.7,8,,2021-05-01T06:46:43,2021-05-01T19:44:18,0.64,"Rain, Partially cloudy",Partly cloudy throughout the day with rain.,rain,"remote,56959099999"
"21.95,100.44",2021-05-02,30.5,19,24,31.9,19,24.3,18.9,76.6,0.2,100,4.17,rain,,,32.4,14.4,212.3,1009.9,61.1,22.7,262.7,22.8,9,,2021-05-02T06:46:04,2021-05-02T19:44:43,0.67,"Rain, Partially cloudy",Partly cloudy throughout the day with late afternoon rain.,rain,"remote,56959099999"
"21.95,100.44",2021-05-03,32.7,17.8,24.9,35.6,17.8,25,18.1,71.1,1,100,4.17,rain,,,36,7.6,229.1,1007.3,57.3,19.7,293,25.2,9,,2021-05-03T06:45:26,2021-05-03T19:45:08,0.71,"Rain, Partially cloudy",Partly cloudy throughout the day with early morning rain.,rain,"remote,56959099999"
"21.95,100.44",2021-05-04,34.2,18.4,25.4,35.4,18.4,25.5,17.5,66.8,0.5,100,20.83,rain,,,39.6,7.2,228.4,1007.4,69.1,20.6,296.6,25.6,10,,2021-05-04T06:44:50,2021-05-04T19:45:33,0.75,"Rain, Partially cloudy",Partly cloudy throughout the day with rain.,rain,"remote,56959099999"
"21.95,100.44",2021-05-05,32.7,19.5,24.3,34.3,19.5,24.5,18.8,74.6,2.8,100,8.33,rain,,,25.2,7.2,190.5,1008.6,74.6,21.9,177.9,15.3,6,,2021-05-05T06:44:14,2021-05-05T19:45:59,0.77,"Rain, Partially cloudy",Partly cloudy throughout the day with rain in the morning and afternoon.,rain,"remote,56959099999"
"21.95,100.44",2021-05-06,29.5,19.1,22.8,29.3,19.1,22.8,18.5,80.1,36,100,16.67,rain,,,25.2,10.8,196.7,1013.4,76.6,22.9,224,19.4,9,,2021-05-06T06:43:39,2021-05-06T19:46:24,0.81,"Rain, Partially cloudy",Partly cloudy throughout the day with a chance of rain throughout the day.,rain,"remote,56959099999"
"21.95,100.44",2021-05-07,33.2,18.3,23.6,34.7,18.3,23.9,18.6,76.8,0.1,100,4.17,rain,,,25.2,7.2,211.9,1012.1,61.7,25.4,221,19.2,8,,2021-05-07T06:43:05,2021-05-07T19:46:50,0.84,"Rain, Partially cloudy",Partly cloudy throughout the day with early morning rain.,rain,"remote,56959099999"
"21.95,100.44",2021-05-08,34.9,17.7,25.3,35.1,17.7,25.3,17.8,69.3,2,100,45.83,rain,,,36,14.4,249.2,1008.6,41.3,23,299.6,25.9,10,,2021-05-08T06:42:32,2021-05-08T19:47:16,0.88,"Rain, Partially cloudy",Partly cloudy throughout the day with rain.,rain,"remote,56959099999"
"21.95,100.44",2021-05-09,34.7,18,25,35.7,18,25.1,17.8,69.1,1.2,100,50,rain,,,43.2,10.8,228.5,1006.7,44.5,21.6,286.1,24.5,9,,2021-05-09T06:41:59,2021-05-09T19:47:42,0.91,"Rain, Partially cloudy",Partly cloudy throughout the day with a chance of rain throughout the day.,rain,"remote,56959099999"
"21.95,100.44",2021-05-10,32.3,17.7,24.1,32,17.7,24.1,18.3,73.9,2,100,4.17,rain,,,21.6,8.6,231.3,1007.1,12,19.7,304.6,26.4,10,,2021-05-10T06:41:28,2021-05-10T19:48:08,0.94,Rain,Clear conditions throughout the day with afternoon rain.,rain,"remote,56959099999"
"21.95,100.44",2021-05-11,32.7,17.9,24.5,33.5,17.9,24.8,19,75.8,3,100,4.17,rain,,,25.2,6.1,242.7,1006.9,16.3,18.3,308.3,26.6,10,,2021-05-11T06:40:58,2021-05-11T19:48:34,0.98,Rain,Clear conditions throughout the day with late afternoon rain.,rain,"remote,56959099999"
"21.95,100.44",2021-05-12,32.1,19.2,24.5,36.4,19.2,25.1,19.9,79.4,5.9,100,8.33,rain,,,43.2,7.6,214,1005.6,37.1,12.7,269.9,23.4,8,,2021-05-12T06:40:29,2021-05-12T19:49:01,0,"Rain, Partially cloudy",Partly cloudy throughout the day with rain.,rain,"remote,56959099999"
"21.95,100.44",2021-05-13,32.4,19.1,24.8,34.5,19.1,25.2,19.2,74.9,1,100,4.17,rain,,,43.2,9.7,239,1005.6,26.4,22.3,327.1,28.2,10,,2021-05-13T06:40:01,2021-05-13T19:49:27,0.05,"Rain, Partially cloudy",Partly cloudy throughout the day with early morning rain.,rain,"remote,56959099999"
"21.95,100.44",2021-05-14,32.3,18.2,24.3,34.4,18.2,24.8,19,76.3,0.8,100,4.17,rain,,,28.8,10.8,223.8,1004.7,37.4,25.7,263,22.8,10,,2021-05-14T06:39:34,2021-05-14T19:49:54,0.08,"Rain, Partially cloudy",Partly cloudy throughout the day with afternoon rain.,rain,"remote,56959099999"
"21.95,100.44",2021-05-15,34.7,18.7,25.8,37.8,18.7,26.5,19.6,73.2,0.8,100,25,rain,,,28.8,7.2,242,1004.8,58,20.4,282.1,24.4,10,,2021-05-15T06:39:08,2021-05-15T19:50:20,0.11,"Rain, Partially cloudy",Becoming cloudy in the afternoon with rain clearing later.,rain,"remote,56959099999"
"21.95,100.44",2021-05-16,36.1,18.8,27.5,37.8,18.8,27.7,17.7,61.1,0,0,0,,,,25.2,10.8,242.7,1004.4,71.2,20.6,345,29.8,10,,2021-05-16T06:38:44,2021-05-16T19:50:47,0.15,Partially cloudy,Partly cloudy throughout the day.,partly-cloudy-day,"remote,56959099999"
"21.95,100.44",2021-05-17,37.2,20.9,28.1,39.6,20.9,28.5,18.5,61,0,0,0,,,,25.2,7.9,205.1,1004.9,72.2,20.4,297.7,25.8,10,,2021-05-17T06:38:20,2021-05-17T19:51:14,0.18,Partially cloudy,Partly cloudy throughout the day.,partly-cloudy-day,"remote,56959099999"
"21.95,100.44",2021-05-18,36.4,22,27.6,40.6,22,28.5,20,67.1,0,0,0,,,,21.6,8.6,200.1,1004.4,73.1,18.1,245.7,21.1,9,,2021-05-18T06:37:57,2021-05-18T19:51:41,0.22,Partially cloudy,Partly cloudy throughout the day.,partly-cloudy-day,"remote,56959099999"
"21.95,100.44",2021-05-19,35.1,20.6,27.1,36.1,20.6,27.9,20.3,69.9,1,100,4.17,rain,,,46.8,7.2,224.3,1004.2,94.9,20.7,288.3,24.9,10,,2021-05-19T06:37:36,2021-05-19T19:52:07,0.25,"Rain, Overcast",Cloudy skies throughout the day with afternoon rain.,rain,"remote,56959099999"
"21.95,100.44",2021-05-20,35.1,20.8,27.2,35.6,20.8,28,20.2,70.3,0.4,100,4.17,rain,,,21.6,8.6,221.8,1005.1,93.9,19.1,286.4,24.7,9,,2021-05-20T06:37:15,2021-05-20T19:52:34,0.25,"Rain, Overcast",Cloudy skies throughout the day with afternoon rain.,rain,"remote,56959099999"
"21.95,100.44",2021-05-21,35.9,21.1,27.4,42.8,21.1,28.4,20.3,69.8,0.8,100,4.17,rain,,,25.2,9,216.7,1004.5,83.7,19,297.6,25.5,10,,2021-05-21T06:36:56,2021-05-21T19:53:01,0.32,"Rain, Partially cloudy",Partly cloudy throughout the day with afternoon rain.,rain,"remote,56959099999"
"21.95,100.44",2021-05-22,37.1,21.1,27.8,42.2,21.1,28.9,20.3,68.5,0.6,100,25,rain,,,36,14.4,209.1,1002.2,90.3,19.9,297,25.5,9,,2021-05-22T06:36:37,2021-05-22T19:53:27,0.35,"Rain, Overcast",Cloudy skies throughout the day with rain.,rain,"remote,56959099999"
"21.95,100.44",2021-05-23,36.6,22.2,27.2,43.2,22.2,28.5,21.6,73.9,0.5,100,20.83,rain,,,36,14.4,205.4,1002,84.9,22.4,150,12.9,5,,2021-05-23T06:36:20,2021-05-23T19:53:54,0.39,"Rain, Partially cloudy",Partly cloudy throughout the day with rain clearing later.,rain,"remote,56959099999"
"21.95,100.44",2021-05-24,30.8,21.6,25.2,32.5,21.6,25.8,21.5,81.6,2.7,100,8.33,rain,,,36,3.6,185.9,1006.4,90,21.9,143.7,12.4,5,,2021-05-24T06:36:04,2021-05-24T19:54:20,0.42,"Rain, Partially cloudy",Partly cloudy throughout the day with rain.,rain,"remote,56959099999"
"21.95,100.44",2021-05-25,31.9,19.9,23.6,35.9,19.9,24,20.8,86,3,100,8.33,rain,,,14.4,6.5,105.5,1006.9,86,26.3,151.5,13.1,5,,2021-05-25T06:35:49,2021-05-25T19:54:47,0.46,"Rain, Partially cloudy",Partly cloudy throughout the day with rain in the morning and afternoon.,rain,"remote,56959099999"
"21.95,100.44",2021-05-26,32.6,19.3,25.2,36.8,19.3,26,20.9,80.2,6,100,8.33,rain,,,18,7.9,186.6,1004.6,78.6,22.7,298.2,25.8,9,,2021-05-26T06:35:35,2021-05-26T19:55:13,0.5,"Rain, Partially cloudy",Partly cloudy throughout the day with rain clearing later.,rain,"remote,56959099999"
"21.95,100.44",2021-05-27,35.4,20.4,25,39.1,20.4,25.8,21.1,81.3,2.3,100,41.67,rain,,,36,7.2,231.6,1005.3,93.3,24.6,147.5,12.8,4,,2021-05-27T06:35:23,2021-05-27T19:55:39,0.52,"Rain, Overcast",Cloudy skies throughout the day with a chance of rain throughout the day.,rain,"remote,56959099999"
"21.95,100.44",2021-05-28,34.2,21,25.2,39.7,21,26.1,21.5,82.2,6,100,8.33,rain,,,36,7.2,152.8,1006.5,85.4,22.7,152.3,12.9,6,,2021-05-28T06:35:11,2021-05-28T19:56:05,0.56,"Rain, Partially cloudy",Partly cloudy throughout the day with morning rain.,rain,"remote,56959099999"
"21.95,100.44",2021-05-29,33.1,20,26.1,38.3,20,27.1,21.1,76.6,0,0,0,,,,25.2,7.2,214.2,1004.8,77,28.6,218,19,7,,2021-05-29T06:35:01,2021-05-29T19:56:30,0.59,Partially cloudy,Partly cloudy throughout the day.,partly-cloudy-day,"remote,56959099999"
"21.95,100.44",2021-05-30,32.2,21.2,26,37,21.2,26.9,21.4,77.9,0.6,100,4.17,rain,,,32.4,7.2,209.6,1004.1,75.7,25.4,208.9,18,7,,2021-05-30T06:34:51,2021-05-30T19:56:56,0.62,"Rain, Partially cloudy",Partly cloudy throughout the day with afternoon rain.,rain,"remote,56959099999"
"21.95,100.44",2021-05-31,29.3,21,24.6,31.2,21,25.2,21.8,85.8,22,100,8.33,rain,,,32.4,8.3,229.1,1004.7,68.7,15.1,184,16.1,6,,2021-05-31T06:34:43,2021-05-31T19:57:21,0.66,"Rain, Partially cloudy",Partly cloudy throughout the day with afternoon rain.,rain,"remote,56959099999"
"21.95,100.44",2021-06-01,32.2,21,25,37.4,21,25.7,21.8,85.1,4,100,8.33,rain,,,21.6,7.6,224.2,1004.8,88.6,18.7,201.9,17.5,7,,2021-06-01T06:34:36,2021-06-01T19:57:46,0.69,"Rain, Partially cloudy",Partly cloudy throughout the day with rain.,rain,"remote,56959099999"
"21.95,100.44",2021-06-02,32.9,21,25.4,38.6,21,26.1,21.2,80.7,0.2,100,4.17,rain,,,36,7.6,243.2,1004.6,72.1,17.3,230.8,19.8,8,,2021-06-02T06:34:30,2021-06-02T19:58:10,0.75,"Rain, Partially cloudy",Partly cloudy throughout the day with afternoon rain.,rain,"remote,56959099999"
"21.95,100.44",2021-06-03,33.3,20.7,25.8,38,20.7,26.5,21.4,80.4,6.2,100,8.33,rain,,,54,7.2,247.6,1005.9,73.1,16.1,271.8,23.3,9,,2021-06-03T06:34:25,2021-06-03T19:58:34,0.76,"Rain, Partially cloudy",Partly cloudy throughout the day with rain.,rain,"remote,56959099999"
"21.95,100.44",2021-06-04,30.4,21.5,25,36.3,21.5,26,21.7,84,2.5,100,8.33,rain,,,21.6,7.2,241.1,1005.4,71.2,19.1,181.4,15.6,6,,2021-06-04T06:34:21,2021-06-04T19:58:58,0.79,"Rain, Partially cloudy",Partly cloudy throughout the day with rain.,rain,"remote,56959099999"
"21.95,100.44",2021-06-05,31.9,20.7,25.5,37,20.7,26.5,21.2,79.1,0.1,100,4.17,rain,,,25.2,10.8,197.4,1003.8,83.1,26.9,212.4,18.5,7,,2021-06-05T06:34:18,2021-06-05T19:59:21,0.82,"Rain, Partially cloudy",Partly cloudy throughout the day with afternoon rain.,rain,"remote,56959099999"
"21.95,100.44",2021-06-06,34.7,20.5,26.8,38.7,20.5,27.8,20.9,74,0,0,0,,,,25.2,10.8,217.1,1001.9,93.8,22.3,265.1,22.9,9,,2021-06-06T06:34:17,2021-06-06T19:59:44,0.86,Overcast,Cloudy skies throughout the day.,cloudy,"remote,56959099999"
"21.95,100.44",2021-06-07,34.9,21.3,26.6,39.7,21.3,27.7,21.3,75.9,2.9,100,45.83,rain,,,25.2,7.2,174.4,1001.1,96.4,21.4,222.5,19.1,8,,2021-06-07T06:34:16,2021-06-07T20:00:07,0.89,"Rain, Overcast",Cloudy skies throughout the day with rain.,rain,"remote,56959099999"
"21.95,100.44",2021-06-08,32.1,21,24.4,37.5,21,24.9,22.1,88.1,20,100,12.5,rain,,,28.8,7.2,128.6,1003.4,96.2,20.3,119.1,10.5,4,,2021-06-08T06:34:16,2021-06-08T20:00:29,0.92,"Rain, Overcast",Cloudy skies throughout the day with rain clearing later.,rain,"remote,56959099999"
"21.95,100.44",2021-06-09,29.9,20.8,23.7,34.3,20.8,24.2,21.7,89.2,0.5,100,8.33,rain,,,21.6,7.2,181.4,1003.7,94,23.1,137.2,11.9,4,,2021-06-09T06:34:18,2021-06-09T20:00:50,0.96,"Rain, Overcast",Cloudy skies throughout the day with rain.,rain,"remote,56959099999"
"21.95,100.44",2021-06-10,29.6,20.4,24.6,34.1,20.4,25.5,21.6,85,4.2,100,8.33,rain,,,21.6,10.8,184.4,1002,90.1,24.4,195.1,17,7,,2021-06-10T06:34:20,2021-06-10T20:01:11,0,"Rain, Overcast",Cloudy skies throughout the day with rain.,rain,"remote,56959099999"
"21.95,100.44",2021-06-11,28.7,20.5,24.2,30.4,20.5,24.6,21.5,86.1,0.9,100,8.33,rain,,,25.2,7.2,209.9,1002.3,92.1,28.4,186.7,16.1,7,,2021-06-11T06:34:24,2021-06-11T20:01:31,0.02,"Rain, Overcast",Cloudy skies throughout the day with rain.,rain,"remote,56959099999"
"21.95,100.44",2021-06-12,31.9,19.7,23.9,36.2,19.7,24.4,21.3,86.6,11.6,100,12.5,rain,,,18,10.8,186.7,1004,92.8,24.9,162.1,14.1,6,,2021-06-12T06:34:28,2021-06-12T20:01:51,0.06,"Rain, Overcast",Cloudy skies throughout the day with rain in the morning and afternoon.,rain,"remote,56959099999"
"21.95,100.44",2021-06-13,33.9,19.6,26.2,39.8,19.6,27.6,21.6,79.2,2.9,100,58.33,rain,,,21.6,7.2,307.6,1001,92.8,28.7,284.3,24.6,9,,2021-06-13T06:34:34,2021-06-13T20:02:10,0.09,"Rain, Overcast",Cloudy skies throughout the day with a chance of rain throughout the day.,rain,"remote,56959099999"
"21.95,100.44",2021-06-14,31.7,21.2,24.8,37,21.2,25.4,22.1,86.2,10.9,100,70.83,rain,,,32.4,9,219.3,1000,92.2,28.9,162,14.1,5,,2021-06-14T06:34:40,2021-06-14T20:02:29,0.13,"Rain, Overcast",Cloudy skies throughout the day with a chance of rain throughout the day.,rain,"remote,56959099999"
"21.95,100.44",2021-06-15,30.1,19.7,24.5,34.3,19.7,25.1,20.5,80.5,4.1,100,8.33,rain,,,32.4,9.7,211.1,1001,86.7,28,304.3,26.2,9,,2021-06-15T06:34:47,2021-06-15T20:02:46,0.16,"Rain, Partially cloudy",Partly cloudy throughout the day with rain in the morning and afternoon.,rain,"remote,56959099999"
"21.95,100.44",2021-06-16,32.4,19.8,25.4,36.4,19.8,26.4,20.7,77.4,0.2,100,8.33,rain,,,27.7,10.8,192.8,1002.1,88.7,28,297.9,25.7,9,,2021-06-16T06:34:56,2021-06-16T20:03:03,0.2,"Rain, Partially cloudy",Partly cloudy throughout the day with rain.,rain,"remote,56959099999"
"21.95,100.44",2021-06-17,31.4,20.3,24.8,35.1,20.3,25.6,20.7,79.6,1.5,100,62.5,rain,,,28.8,10.8,190.6,1004.3,81.3,30,233.5,20.2,8,,2021-06-17T06:35:05,2021-06-17T20:03:20,0.23,"Rain, Partially cloudy",Partly cloudy throughout the day with a chance of rain throughout the day.,rain,"remote,56959099999"
"21.95,100.44",2021-06-18,31.1,20.1,25.6,35.9,20.1,26.4,20.5,76.4,0.4,100,16.67,rain,,,28.8,10.8,214.6,1005.7,55.5,27.9,309.1,26.6,10,,2021-06-18T06:35:15,2021-06-18T20:03:35,0.25,"Rain, Partially cloudy",Partly cloudy throughout the day with rain clearing later.,rain,"remote,56959099999"
"21.95,100.44",2021-06-19,33.1,19.4,25.9,35.8,19.4,26.6,20.1,73.9,0.6,100,8.33,rain,,,21.6,8.6,245,1005.2,36.8,27.1,325.3,28,10,,2021-06-19T06:35:25,2021-06-19T20:03:50,0.3,"Rain, Partially cloudy",Partly cloudy throughout the day with rain clearing later.,rain,"remote,56959099999"
"21.95,100.44",2021-06-20,32.4,19.2,26.2,35.4,19.2,27,19.6,70.1,0,0,0,,,,36,10.8,239.1,1002.7,64.5,29.7,317.3,27.5,10,,2021-06-20T06:35:37,2021-06-20T20:04:04,0.34,Partially cloudy,Partly cloudy throughout the day.,partly-cloudy-day,"remote,56959099999"
"21.95,100.44",2021-06-21,34.4,19.6,26.9,37.9,19.6,27.8,19.5,67,0,0,0,,,,32.4,10.8,230.5,1001.8,85.7,29.4,311.2,27,10,,2021-06-21T06:35:50,2021-06-21T20:04:17,0.37,Partially cloudy,Partly cloudy throughout the day.,partly-cloudy-day,"remote,56959099999"
"21.95,100.44",2021-06-22,34.9,20.2,26.8,39.9,20.2,28,20.7,72.1,0,0,0,,,,28.8,14.4,219.9,1003,90.6,27,243.2,21,7,,2021-06-22T06:36:03,2021-06-22T20:04:30,0.41,Overcast,Cloudy skies throughout the day.,cloudy,"remote,56959099999"
"21.95,100.44",2021-06-23,32.4,21.1,25.6,37.6,21.1,26.5,21.2,78.4,0.6,100,16.67,rain,,,28.8,7.6,207.6,1003.8,95.6,29.6,179.7,15.5,6,,2021-06-23T06:36:17,2021-06-23T20:04:41,0.44,"Rain, Overcast",Cloudy skies throughout the day with rain.,rain,"remote,56959099999"
"21.95,100.44",2021-06-24,29.9,21.1,24.8,34.5,21.1,25.5,21.4,82.9,0.2,100,4.17,rain,,,21.6,7.2,223.6,1003.3,90.4,24.9,182,15.7,6,,2021-06-24T06:36:32,2021-06-24T20:04:52,0.48,"Rain, Overcast",Cloudy skies throughout the day with afternoon rain.,rain,"remote,56959099999"
"21.95,100.44",2021-06-25,29.9,20.9,24.6,31,20.9,24.9,21.4,84.2,0.4,100,8.33,rain,,,21.6,7.2,219,1002.8,68.7,26.9,239.5,20.5,8,,2021-06-25T06:36:47,2021-06-25T20:05:01,0.5,"Rain, Partially cloudy",Partly cloudy throughout the day with rain in the morning and afternoon.,rain,"remote,56959099999"
"21.95,100.44",2021-06-26,29.3,20.5,24.4,30.7,20.5,24.7,21.5,85.9,4,100,70.83,rain,,,21.6,7.6,208.1,1004.5,79.2,29.3,224.1,19.4,7,,2021-06-26T06:37:03,2021-06-26T20:05:10,0.55,"Rain, Partially cloudy",Partly cloudy throughout the day with a chance of rain throughout the day.,rain,"remote,56959099999"
"21.95,100.44",2021-06-27,32.1,20.9,25,36.9,20.9,25.9,21.5,82.8,0.1,100,4.17,rain,,,32.4,18,224.1,1005.1,96.6,24.9,209.5,18,7,,2021-06-27T06:37:20,2021-06-27T20:05:18,0.58,"Rain, Overcast",Cloudy skies throughout the day with morning rain.,rain,"remote,56959099999"
"21.95,100.44",2021-06-28,30.7,20.9,24.3,35.4,20.9,25,21.3,84.6,3.4,100,8.33,rain,,,36,14.4,222.9,1003,92.9,23.1,158.1,13.6,5,,2021-06-28T06:37:38,2021-06-28T20:05:25,0.61,"Rain, Overcast",Cloudy skies throughout the day with rain clearing later.,rain,"remote,56959099999"
"21.95,100.44",2021-06-29,27.9,19.9,23.8,29.1,19.9,24,21.3,87.6,6.2,100,12.5,rain,,,32.4,8.6,230.1,1002.7,80,23.7,207.5,18,6,,2021-06-29T06:37:56,2021-06-29T20:05:30,0.64,"Rain, Partially cloudy",Partly cloudy throughout the day with a chance of rain throughout the day.,rain,"remote,56959099999"
"21.95,100.44",2021-06-30,27.7,20.1,23.4,29,20.1,23.6,21.6,90.7,15.1,100,20.83,rain,,,18,7.6,221.4,1003,94.1,15.3,193.6,16.6,6,,2021-06-30T06:38:14,2021-06-30T20:05:35,0.68,"Rain, Overcast",Cloudy skies throughout the day with a chance of rain throughout the day.,rain,"remote,56959099999"
"21.95,100.44",2021-07-01,27.9,20.2,23.4,29.2,20.2,23.6,21.4,90,38,100,25,rain,,,18,8.3,218.3,1003.9,92,13.4,221.9,19.1,8,,2021-07-01T06:38:34,2021-07-01T20:05:39,0.71,"Rain, Overcast",Cloudy skies throughout the day with a chance of rain throughout the day.,rain,"remote,56959099999"
"21.95,100.44",2021-07-02,30.9,20,24.1,35.8,20,24.8,21.2,85.3,0.5,100,8.33,rain,,,28.8,10.8,217.1,1004.4,84.1,27.9,205.6,17.8,6,,2021-07-02T06:38:53,2021-07-02T20:05:41,0.75,"Rain, Partially cloudy",Partly cloudy throughout the day with rain clearing later.,rain,"remote,56959099999"
"21.95,100.44",2021-07-03,30.2,20.2,24.7,34,20.2,25.4,21.1,82.6,0.7,100,25,rain,,,21.6,10.8,215.8,1004.3,72.1,30,230.3,19.8,8,,2021-07-03T06:39:13,2021-07-03T20:05:43,0.77,"Rain, Partially cloudy",Partly cloudy throughout the day with rain clearing later.,rain,"remote,56959099999"
"21.95,100.44",2021-07-04,32.7,20.3,25.7,38.2,20.3,26.9,21.5,80.1,0,0,0,,,,21.6,10.8,226.3,1004,71.7,26.6,250,21.7,8,,2021-07-04T06:39:34,2021-07-04T20:05:44,0.81,Partially cloudy,Partly cloudy throughout the day.,partly-cloudy-day,"remote,56959099999"
"21.95,100.44",2021-07-05,33.9,20.8,25.2,40.6,20.8,26.1,22,84.2,2,100,50,rain,,,36,10.8,241.9,1003.1,92.5,26.4,193.7,16.8,7,,2021-07-05T06:39:55,2021-07-05T20:05:43,0.84,"Rain, Overcast",Cloudy skies throughout the day with a chance of rain throughout the day.,rain,"remote,56959099999"
"21.95,100.44",2021-07-06,27.7,20.9,24.1,31.4,20.9,24.4,21.5,87.2,8,100,12.5,rain,,,28.8,3.6,284.7,1003.5,94.1,20.9,145.5,12.6,6,,2021-07-06T06:40:17,2021-07-06T20:05:41,0.87,"Rain, Overcast",Cloudy skies throughout the day with rain.,rain,"remote,56959099999"
"21.95,100.44",2021-07-07,33.7,19.3,24.8,37,19.3,25.5,20.7,80.3,1,100,41.67,rain,,,28.8,7.2,106.2,1005.2,74.5,26.7,198.6,17.2,6,,2021-07-07T06:40:39,2021-07-07T20:05:39,0.91,"Rain, Partially cloudy",Partly cloudy throughout the day with rain.,rain,"remote,56959099999"
"21.95,100.44",2021-07-08,31.9,20.1,24.8,37.3,20.1,25.4,21.7,84.5,26,100,8.33,rain,,,32.4,7.2,44.9,1004.2,73.4,22.4,214.7,18.7,6,,2021-07-08T06:41:01,2021-07-08T20:05:35,0.94,"Rain, Partially cloudy",Partly cloudy throughout the day with rain.,rain,"remote,56959099999"
"21.95,100.44",2021-07-09,33.1,21.1,25.2,36.6,21.1,26.1,21.7,83.4,9,100,8.33,rain,,,25.2,7.2,132,1005.3,82.7,23.3,240,20.9,8,,2021-07-09T06:41:24,2021-07-09T20:05:30,0.97,"Rain, Partially cloudy",Partly cloudy throughout the day with rain clearing later.,rain,"remote,56959099999"
"21.95,100.44",2021-07-10,31.6,20.7,25.2,34.7,20.7,26,21.5,82.1,0.2,100,4.17,rain,,,14.4,7.2,120.7,1006.1,77.2,25.7,295.4,25.5,10,,2021-07-10T06:41:47,2021-07-10T20:05:24,0,"Rain, Partially cloudy",Partly cloudy throughout the day with early morning rain.,rain,"remote,56959099999"
"21.95,100.44",2021-07-11,32.4,20.6,25.5,36.1,20.6,26.4,21.5,81,4.2,100,70.83,rain,,,25.2,14.4,165,1007.6,74.2,28.4,298.9,25.9,10,,2021-07-11T06:42:10,2021-07-11T20:05:16,0.04,"Rain, Partially cloudy",Partly cloudy throughout the day with a chance of rain throughout the day.,rain,"remote,56959099999"
"21.95,100.44",2021-07-12,34.4,20.7,26,36.6,20.7,26.8,20.8,76.7,0.5,100,16.67,rain,,,28.8,14.4,189.3,1007.4,66,29.4,317.1,27.2,10,,2021-07-12T06:42:33,2021-07-12T20:05:08,0.08,"Rain, Partially cloudy",Becoming cloudy in the afternoon with early morning rain.,rain,"remote,56959099999"
"21.95,100.44",2021-07-13,34.9,19.8,26.2,39.2,19.8,27.2,21,76.3,0,0,0,,,,28.8,10.8,211,1005.2,77.4,29.9,307.2,26.6,10,,2021-07-13T06:42:57,2021-07-13T20:04:58,0.11,Partially cloudy,Partly cloudy throughout the day.,partly-cloudy-day,"remote,56959099999"
"21.95,100.44",2021-07-14,31.7,20.2,26,35.7,20.2,27,21.2,77.6,0.7,100,29.17,rain,,,28.8,7.2,235.8,1004.1,80,28.9,251.8,21.9,9,,2021-07-14T06:43:21,2021-07-14T20:04:48,0.15,"Rain, Partially cloudy",Partly cloudy throughout the day with rain.,rain,"remote,56959099999"
"21.95,100.44",2021-07-15,33.2,21.4,24.1,38.1,21.4,24.4,22.1,89.5,28,100,4.17,rain,,,46.8,7.2,203,1005.3,96.3,29.1,108.4,9.4,4,,2021-07-15T06:43:45,2021-07-15T20:04:36,0.18,"Rain, Overcast",Cloudy skies throughout the day with afternoon rain.,rain,"remote,56959099999"
"21.95,100.44",2021-07-16,32.9,20.2,25.2,35.6,20.2,25.8,20.6,78.1,1.8,100,25,rain,,,46.8,4.7,198.5,1007.9,87.1,27.3,261.7,22.5,9,,2021-07-16T06:44:09,2021-07-16T20:04:23,0.22,"Rain, Partially cloudy",Partly cloudy throughout the day with rain clearing later.,rain,"remote,56959099999"
"21.95,100.44",2021-07-17,33.9,19.8,25.7,38.1,19.8,26.7,21,78.4,0.1,100,4.17,rain,,,21.6,7.2,201.5,1004.8,77.1,28.6,284.9,24.6,9,,2021-07-17T06:44:34,2021-07-17T20:04:09,0.25,"Rain, Partially cloudy",Partly cloudy throughout the day with late afternoon rain.,rain,"remote,56959099999"
"21.95,100.44",2021-07-18,28.4,20.1,24.4,33.5,20.1,25.4,22,87,0.2,100,4.17,rain,,,21.6,4.7,224,1001.5,92.8,27.4,168.7,14.6,5,,2021-07-18T06:44:58,2021-07-18T20:03:53,0.29,"Rain, Overcast",Cloudy skies throughout the day with afternoon rain.,rain,"remote,56959099999"
"21.95,100.44",2021-07-19,27.2,21.2,23.2,30.1,21.2,23.4,22.5,95.9,25,100,12.5,rain,,,14.4,7.2,202.6,1000.7,95.7,20.1,80.9,6.9,2,,2021-07-19T06:45:23,2021-07-19T20:03:37,0.32,"Rain, Overcast",Cloudy skies throughout the day with a chance of rain throughout the day.,rain,"remote,56959099999"
"21.95,100.44",2021-07-20,26.9,20.7,22.7,29.4,20.7,22.8,21.8,94.9,7.2,100,16.67,rain,,,18,7.2,96.9,1001.9,93.3,21,94.4,8.2,3,,2021-07-20T06:45:47,2021-07-20T20:03:19,0.36,"Rain, Overcast",Cloudy skies throughout the day with a chance of rain throughout the day.,rain,"remote,56959099999"
"21.95,100.44",2021-07-21,30.2,19.8,24.1,33.9,19.8,24.7,21.4,86.6,5.4,100,12.5,rain,,,25.2,7.2,239.5,1001.6,78.2,24.6,208.9,17.9,8,,2021-07-21T06:46:12,2021-07-21T20:03:00,0.4,"Rain, Partially cloudy",Partly cloudy throughout the day with a chance of rain throughout the day.,rain,"remote,56959099999"
"21.95,100.44",2021-07-22,28.2,20.4,23.4,32.7,20.4,23.6,21.9,92.4,20,100,8.33,rain,,,25.2,7.2,213,1001.5,85.6,22.7,153,13.2,5,,2021-07-22T06:46:36,2021-07-22T20:02:40,0.43,"Rain, Partially cloudy",Partly cloudy throughout the day with rain in the morning and afternoon.,rain,"remote,56959099999"
"21.95,100.44",2021-07-23,31.2,19.8,24.1,36.6,19.8,25.1,21.8,88.2,4.3,100,8.33,rain,,,25.2,7.9,240.9,1001.6,84.3,22.6,193.1,16.6,7,,2021-07-23T06:47:01,2021-07-23T20:02:19,0.47,"Rain, Partially cloudy",Partly cloudy throughout the day with rain clearing later.,rain,"remote,56959099999"
"21.95,100.44",2021-07-24,33.2,20.5,25.3,38.1,20.5,26.4,22,84,0.2,100,4.17,rain,,,28.8,7.2,276.1,1000.3,84,30,232.4,20.1,8,,2021-07-24T06:47:26,2021-07-24T20:01:57,0.5,"Rain, Partially cloudy",Partly cloudy throughout the day with early morning rain.,rain,"remote,56959099999"
"21.95,100.44",2021-07-25,25.9,20.3,22.9,25.9,20.3,22.9,21.9,94.3,22,100,16.67,rain,,,36,6.1,257.4,1001.7,90.4,16.9,125.3,10.9,4,,2021-07-25T06:47:50,2021-07-25T20:01:33,0.53,"Rain, Overcast",Cloudy skies throughout the day with rain.,rain,"remote,56959099999"
"21.95,100.44",2021-07-26,31.2,19.8,23.8,34,19.8,24.2,20.9,85.8,0.9,100,4.17,rain,,,21.6,7.2,162.2,1001.5,65.2,29.1,148.3,12.7,6,,2021-07-26T06:48:15,2021-07-26T20:01:09,0.57,"Rain, Partially cloudy",Partly cloudy throughout the day with early morning rain.,rain,"remote,56959099999"
"21.95,100.44",2021-07-27,30.7,19.7,24,35.4,19.7,24.8,21.3,86.1,0.1,100,4.17,rain,,,25.2,10.8,220.6,999.6,52.6,28,230.4,19.9,7,,2021-07-27T06:48:39,2021-07-27T20:00:43,0.6,"Rain, Partially cloudy",Partly cloudy throughout the day with late afternoon rain.,rain,"remote,56959099999"
"21.95,100.44",2021-07-28,31.4,20,24.5,36,20,25.4,21.8,86.4,5.2,100,70.83,rain,,,25.2,10.8,223.9,999.3,79.8,26,178.7,15.4,6,,2021-07-28T06:49:04,2021-07-28T20:00:17,0.63,"Rain, Partially cloudy",Partly cloudy throughout the day with a chance of rain throughout the day.,rain,"remote,56959099999"
"21.95,100.44",2021-07-29,30.9,20.4,24.4,37,20.4,25.1,21.5,85.4,0.6,100,4.17,rain,,,24.5,7.2,230,1000.9,90.8,29.7,232.8,20,8,,2021-07-29T06:49:28,2021-07-29T19:59:49,0.66,"Rain, Overcast",Cloudy skies throughout the day with morning rain.,rain,"remote,56959099999"
"21.95,100.44",2021-07-30,33.9,20.3,25.4,37.5,20.3,26.4,21.9,83.3,0.2,100,4.17,rain,,,21.6,7.2,247.5,1002.4,90.2,25.6,260.4,22.6,9,,2021-07-30T06:49:52,2021-07-30T19:59:20,0.7,"Rain, Overcast",Cloudy skies throughout the day with early morning rain.,rain,"remote,56959099999"
"21.95,100.44",2021-07-31,34.2,21.1,26,37.4,21.1,27,21.9,81.2,1.8,100,54.17,rain,,,28.8,18,255.8,1001.2,81.6,29,258.8,22.2,9,,2021-07-31T06:50:16,2021-07-31T19:58:50,0.75,"Rain, Partially cloudy",Partly cloudy throughout the day with a chance of rain throughout the day.,rain,"remote,56959099999"
"21.95,100.44",2021-08-01,30.4,21.5,24.8,35,21.5,25.7,22.1,86.1,12,100,12.5,rain,,,36,9,249.8,999.8,86.3,24.1,240.6,21,8,,2021-08-01T06:50:40,2021-08-01T19:58:19,0.76,"Rain, Partially cloudy",Partly cloudy throughout the day with rain.,rain,"remote,56959099999"
"21.95,100.44",2021-08-02,32.9,20.8,23.9,37.5,20.8,24.6,21.8,89.5,28.1,100,8.33,rain,,,18,10.8,238.3,1001.3,90.4,26.6,111.9,9.6,4,,2021-08-02T06:51:03,2021-08-02T19:57:47,0.79,"Rain, Overcast",Cloudy skies throughout the day with rain clearing later.,rain,"remote,56959099999"
"21.95,100.44",2021-08-03,30.9,19.8,24,35.7,19.8,24.8,21.2,86,1.5,100,54.17,rain,,,18,7.2,228.1,1002,76.4,24.6,163.4,14.2,5,,2021-08-03T06:51:27,2021-08-03T19:57:14,0.83,"Rain, Partially cloudy",Partly cloudy throughout the day with a chance of rain throughout the day.,rain,"remote,56959099999"
"21.95,100.44",2021-08-04,33.2,19.2,24.8,38.1,19.2,25.5,20.9,81.2,3.6,100,70.83,rain,,,21.6,4,205.2,1002.8,55,30,261.1,22.7,8,,2021-08-04T06:51:50,2021-08-04T19:56:40,0.86,"Rain, Partially cloudy",Partly cloudy throughout the day with a chance of rain throughout the day.,rain,"remote,56959099999"
"21.95,100.44",2021-08-05,31.1,20.3,24.9,36.2,20.3,25.8,21.4,82.8,0.5,100,20.83,rain,,,18,7.2,219.9,1002.4,82.4,30,244.3,21.1,8,,2021-08-05T06:52:13,2021-08-05T19:56:05,0.89,"Rain, Partially cloudy",Partly cloudy throughout the day with rain clearing later.,rain,"remote,56959099999"
"21.95,100.44",2021-08-06,32.2,19.9,25.1,36.5,19.9,26,21.5,82.5,0.3,100,12.5,rain,,,32.4,7.2,209.2,1003.2,82.6,28,287.2,24.8,9,,2021-08-06T06:52:36,2021-08-06T19:55:29,0.92,"Rain, Partially cloudy",Partly cloudy throughout the day with afternoon rain.,rain,"remote,56959099999"
"21.95,100.44",2021-08-07,33.7,20.9,25.1,39.1,20.9,26.1,21.8,83.7,0.1,100,4.17,rain,,,25.2,7.2,215.8,1003.7,79.8,29.1,173.5,15,6,,2021-08-07T06:52:59,2021-08-07T19:54:51,0.95,"Rain, Partially cloudy",Partly cloudy throughout the day with early morning rain.,rain,"remote,56959099999"
"21.95,100.44",2021-08-08,33.4,20.4,25.5,38.4,20.4,26.5,21.7,81.7,0.2,100,8.33,rain,,,28.8,10.8,231,1003.5,85.3,29.3,229.8,20,7,,2021-08-08T06:53:21,2021-08-08T19:54:13,0,"Rain, Partially cloudy",Partly cloudy throughout the day with rain.,rain,"remote,56959099999"
"21.95,100.44",2021-08-09,31.4,21,25.3,38.7,21,26.6,22.3,84.9,1.4,100,29.17,rain,,,28.8,7.9,242.6,1002.9,94.9,27.6,215.6,18.6,8,,2021-08-09T06:53:44,2021-08-09T19:53:35,0.02,"Rain, Overcast",Cloudy skies throughout the day with rain.,rain,"remote,56959099999"
"21.95,100.44",2021-08-10,27.2,20.6,24,30,20.6,24.4,22.3,90.9,17,100,16.67,rain,,,18,4,231.2,1002.8,93.1,15.9,147.6,12.6,5,,2021-08-10T06:54:06,2021-08-10T19:52:55,0.06,"Rain, Overcast",Cloudy skies throughout the day with rain in the morning and afternoon.,rain,"remote,56959099999"
"21.95,100.44",2021-08-11,28.6,20.5,23.9,33.3,20.5,24.5,21.8,89.4,1.9,100,12.5,rain,,,32.4,10.8,194.9,1004.3,93.5,23.8,191.7,16.5,7,,2021-08-11T06:54:28,2021-08-11T19:52:14,0.09,"Rain, Overcast",Cloudy skies throughout the day with rain.,rain,"remote,56959099999"
"21.95,100.44",2021-08-12,27.6,20.3,23.4,30.9,20.3,23.7,21.6,90.4,3.2,100,12.5,rain,,,18,6.8,205.3,1006.6,86,22,209.4,18.2,8,,2021-08-12T06:54:49,2021-08-12T19:51:32,0.13,"Rain, Partially cloudy",Partly cloudy throughout the day with rain.,rain,"remote,56959099999"
"21.95,100.44",2021-08-13,28.7,19.9,24.3,32.4,19.9,24.9,21.3,85,2.2,100,58.33,rain,,,19.1,7.9,219.5,1004.2,95.5,30,252.6,21.8,8,,2021-08-13T06:55:10,2021-08-13T19:50:50,0.16,"Rain, Overcast",Cloudy skies throughout the day with a chance of rain throughout the day.,rain,"remote,56959099999"
"21.95,100.44",2021-08-14,28.2,20.6,24,31.6,20.6,24.5,21.9,89.3,0.3,100,4.17,rain,,,21.6,10.8,219.6,1002,94.8,27,177.6,15.5,6,,2021-08-14T06:55:31,2021-08-14T19:50:06,0.2,"Rain, Overcast",Cloudy skies throughout the day with late afternoon rain.,rain,"remote,56959099999"
"21.95,100.44",2021-08-15,27.1,20.6,23.5,30.5,20.6,23.6,22.3,93.5,65,100,20.83,rain,,,21.6,7.2,185.4,1004.1,90.8,18.4,140.3,12.3,5,,2021-08-15T06:55:52,2021-08-15T19:49:22,0.25,"Rain, Overcast",Cloudy skies throughout the day with a chance of rain throughout the day.,rain,"remote,56959099999"
"21.95,100.44",2021-08-16,28.2,20,23.3,32.1,20,23.6,21.8,92.5,45,100,20.83,rain,,,28.8,7.2,178.5,1008.6,94.7,20.6,191.5,16.7,8,,2021-08-16T06:56:13,2021-08-16T19:48:37,0.27,"Rain, Overcast",Cloudy skies throughout the day with a chance of rain throughout the day.,rain,"remote,56959099999"
"21.95,100.44",2021-08-17,28.7,20.1,22.7,32.5,20.1,22.9,21.4,92.8,9,100,12.5,rain,,,25.2,7.2,184.6,1009.8,96.3,23.2,139.6,12.1,5,,2021-08-17T06:56:33,2021-08-17T19:47:51,0.31,"Rain, Overcast",Cloudy skies throughout the day with a chance of rain throughout the day.,rain,"remote,56959099999"
"21.95,100.44",2021-08-18,29.2,19.4,22.5,33.9,19.4,22.7,21.3,93.5,11.7,100,16.67,rain,,,28.8,7.2,201.9,1007.9,81.9,21.7,129.2,11.2,4,,2021-08-18T06:56:53,2021-08-18T19:47:05,0.34,"Rain, Partially cloudy",Partly cloudy throughout the day with a chance of rain throughout the day.,rain,"remote,56959099999"
"21.95,100.44",2021-08-19,31.1,18.9,23.5,34.2,18.9,24.1,20.9,87,19.3,100,8.33,rain,,,28.8,14.4,213.7,1006.9,60.3,21.3,239.3,21,8,,2021-08-19T06:57:13,2021-08-19T19:46:17,0.38,"Rain, Partially cloudy",Partly cloudy throughout the day with rain.,rain,"remote,56959099999"
"21.95,100.44",2021-08-20,31.2,19.6,24.1,35.7,19.6,24.7,21.3,86,5,100,12.5,rain,,,43.2,7.2,207.2,1008.3,68.5,26.9,239.1,20.8,8,,2021-08-20T06:57:33,2021-08-20T19:45:29,0.42,"Rain, Partially cloudy",Partly cloudy throughout the day with a chance of rain throughout the day.,rain,"remote,56959099999"
"21.95,100.44",2021-08-21,32.4,18.9,24.6,36.4,18.9,25.3,20.9,82.6,1.6,100,8.33,rain,,,43.2,14.4,228.2,1007.8,87.8,27.7,309,26.7,10,,2021-08-21T06:57:52,2021-08-21T19:44:41,0.45,"Rain, Partially cloudy",Partly cloudy throughout the day with rain in the morning and afternoon.,rain,"remote,56959099999"
"21.95,100.44",2021-08-22,31.9,20.1,25.1,36.8,20.1,26.1,21.5,82.7,0,0,0,,,,39.6,10.8,217.1,1005.1,95.1,28.3,285.3,24.5,10,,2021-08-22T06:58:11,2021-08-22T19:43:51,0.5,Overcast,Cloudy skies throughout the day.,cloudy,"remote,56959099999"
"21.95,100.44",2021-08-23,31.9,20.4,23.9,37.3,20.4,24.4,22.2,91.1,11.1,100,8.33,rain,,,39.6,7.2,223.9,1003.5,95.1,25.9,156.8,13.6,5,,2021-08-23T06:58:30,2021-08-23T19:43:01,0.52,"Rain, Overcast",Cloudy skies throughout the day with rain in the morning and afternoon.,rain,"remote,56959099999"
"21.95,100.44",2021-08-24,30.1,20.1,24.5,35.6,20.1,25.4,22,87.5,5.6,100,70.83,rain,,,25.2,7.2,217.9,1003.2,93.9,29.4,210,18.1,7,,2021-08-24T06:58:49,2021-08-24T19:42:11,0.55,"Rain, Overcast",Cloudy skies throughout the day with a chance of rain throughout the day.,rain,"remote,56959099999"
"21.95,100.44",2021-08-25,31.4,20.4,24.9,35.3,20.4,25.7,21.5,83.6,16,100,16.67,rain,,,28.8,5,183,1003.9,93.6,24.9,287.3,24.8,9,,2021-08-25T06:59:08,2021-08-25T19:41:19,0.59,"Rain, Overcast",Cloudy skies throughout the day with rain clearing later.,rain,"remote,56959099999"
"21.95,100.44",2021-08-26,31.4,20.2,24.4,36.1,20.2,25.2,21.3,84.3,2.7,100,8.33,rain,,,32.4,7.2,167.3,1005.4,94.6,25.6,210.4,18.1,6,,2021-08-26T06:59:26,2021-08-26T19:40:27,0.62,"Rain, Overcast",Cloudy skies throughout the day with rain in the morning and afternoon.,rain,"remote,56959099999"
"21.95,100.44",2021-08-27,32.7,20.8,24.9,36.7,20.8,25.7,21.4,83.5,3,100,8.33,rain,,,25.2,7.2,108.4,1007.1,95.5,21.6,280.9,24.3,10,,2021-08-27T06:59:44,2021-08-27T19:39:35,0.65,"Rain, Overcast",Cloudy skies throughout the day with rain clearing later.,rain,"remote,56959099999"
"21.95,100.44",2021-08-28,32.7,19.8,24.2,35,19.8,24.9,20.9,83.7,0.1,100,4.17,rain,,0,25.2,7.2,117.2,1006.8,95.3,28.7,233.1,20.2,7,,2021-08-28T07:00:02,2021-08-28T19:38:42,0.68,"Rain, Overcast",Cloudy skies throughout the day with early morning rain.,rain,"remote,56959099999"
"21.95,100.44",2021-08-29,32.6,19.4,24,35.7,19.4,24.5,20.6,83,1.8,100,41.67,rain,,,18,7.2,108,1007.2,87.3,28.3,193.5,16.7,7,,2021-08-29T07:00:20,2021-08-29T19:37:48,0.71,"Rain, Partially cloudy",Partly cloudy throughout the day with a chance of rain throughout the day.,rain,"remote,56959099999"
"21.95,100.44",2021-08-30,34.4,19.3,25.2,38.1,19.3,26,20.5,77.8,0,0,0,,,,18,7.2,134.4,1008.3,65.4,30,290,25,10,,2021-08-30T07:00:37,2021-08-30T19:36:54,0.75,Partially cloudy,Partly cloudy throughout the day.,partly-cloudy-day,"remote,56959099999"
"21.95,100.44",2021-08-31,32.4,19.9,25.5,36.1,19.9,26.6,20.9,77.6,5,100,45.83,rain,,,25.2,10.8,178.7,1008.3,56.3,29,287.9,24.8,9,,2021-08-31T07:00:54,2021-08-31T19:36:00,0.78,"Rain, Partially cloudy",Partly cloudy throughout the day with rain.,rain,"remote,56959099999"
"21.95,100.44",2021-09-01,32.6,19.9,24.7,37.7,19.9,25.5,21.1,81.5,2,100,50,rain,,,21.6,4,154.5,1007.8,65.7,26.9,174.4,14.9,6,,2021-09-01T07:01:12,2021-09-01T19:35:05,0.81,"Rain, Partially cloudy",Partly cloudy throughout the day with a chance of rain throughout the day.,rain,"remote,56959099999"
"21.95,100.44",2021-09-02,32.6,20.2,25.2,37.6,20.2,26.3,21.1,79.8,4.9,100,70.83,rain,,,21.6,10.8,170,1006.9,70.6,27.9,239.1,20.5,8,,2021-09-02T07:01:29,2021-09-02T19:34:10,0.84,"Rain, Partially cloudy",Partly cloudy throughout the day with a chance of rain throughout the day.,rain,"remote,56959099999"
"21.95,100.44",2021-09-03,30.1,19.6,24.4,33.1,19.6,25.1,21.5,85.2,0.1,100,4.17,rain,,,21.6,5,226,1004.9,87.7,23.3,231.4,20,8,,2021-09-03T07:01:45,2021-09-03T19:33:14,0.88,"Rain, Partially cloudy",Partly cloudy throughout the day with afternoon rain.,rain,"remote,56959099999"
"21.95,100.44",2021-09-04,33.4,20.2,24.4,37.6,20.2,25.1,21.6,86.6,3.2,100,70.83,rain,,,18,7.2,210.8,1004.3,95.7,26.1,181.9,15.6,7,,2021-09-04T07:02:02,2021-09-04T19:32:18,0.91,"Rain, Overcast",Cloudy skies throughout the day with a chance of rain throughout the day.,rain,"remote,56959099999"
"21.95,100.44",2021-09-05,32.4,19.4,24.1,36.4,19.4,24.7,21.1,85.4,1,100,4.17,rain,,,18,4.7,203.7,1005.6,91.2,27,187.7,16.2,7,,2021-09-05T07:02:19,2021-09-05T19:31:21,0.94,"Rain, Overcast",Cloudy skies throughout the day with morning rain.,rain,"remote,56959099999"
"21.95,100.44",2021-09-06,31.7,19.3,24.5,34.8,19.3,25.1,20.6,81.2,2.2,100,70.83,rain,,,21.6,7.2,120.1,1009.2,43.7,28.7,247.6,21.4,8,,2021-09-06T07:02:35,2021-09-06T19:30:24,0.97,"Rain, Partially cloudy",Partly cloudy throughout the day with a chance of rain throughout the day.,rain,"remote,56959099999"
"21.95,100.44",2021-09-07,34.6,19.2,24.6,37.9,19.2,25.3,20.7,81.3,0.2,100,8.33,rain,,,21.6,5.4,60.2,1009.6,38.3,26.7,269.9,23.2,9,,2021-09-07T07:02:52,2021-09-07T19:29:27,0,"Rain, Partially cloudy",Partly cloudy throughout the day with rain clearing later.,rain,"remote,56959099999"
"21.95,100.44",2021-09-08,32.6,19.8,24.4,37.3,19.8,25.2,20.9,82.4,1.9,100,58.33,rain,,,21.6,5.4,63.4,1007.2,55.3,29.6,236.5,20.3,8,,2021-09-08T07:03:08,2021-09-08T19:28:30,0.04,"Rain, Partially cloudy",Partly cloudy throughout the day with a chance of rain throughout the day.,rain,"remote,56959099999"
"21.95,100.44",2021-09-09,28.1,19.5,23.3,31.1,19.5,23.7,21,87.9,8.2,100,16.67,rain,,,25.2,7.9,66.5,1007.8,68.7,23.9,257.5,22.3,9,,2021-09-09T07:03:24,2021-09-09T19:27:32,0.08,"Rain, Partially cloudy",Partly cloudy throughout the day with rain.,rain,"remote,56959099999"
"21.95,100.44",2021-09-10,32.7,19.4,24.1,35.8,19.4,24.7,20,80.4,0.1,100,4.17,rain,,,21.6,6.1,79.4,1009.2,81.8,26.1,288,24.8,10,,2021-09-10T07:03:40,2021-09-10T19:26:34,0.11,"Rain, Partially cloudy",Partly cloudy throughout the day with early morning rain.,rain,"remote,56959099999"
"21.95,100.44",2021-09-11,34.4,18.1,24.7,35,18.1,25.2,19.4,75.8,0,0,0,,,,21.6,7.2,100.3,1007.4,32.2,24.4,303.8,26.2,10,,2021-09-11T07:03:57,2021-09-11T19:25:36,0.15,Partially cloudy,Partly cloudy throughout the day.,partly-cloudy-day,"remote,56959099999"
"21.95,100.44",2021-09-12,34.7,19,25.1,37.8,19,25.8,20,76.8,0,0,0,,,,18,7.2,242.4,1004.3,38.2,18.9,300.5,25.9,10,,2021-09-12T07:04:13,2021-09-12T19:24:38,0.18,Partially cloudy,Partly cloudy throughout the day.,partly-cloudy-day,"remote,56959099999"
"21.95,100.44",2021-09-13,35.4,20.1,25.2,38.2,20.1,26,20.9,79.4,0,0,0,,,,14.4,7.2,350.4,1005,74.7,26.3,188,16.2,6,,2021-09-13T07:04:29,2021-09-13T19:23:39,0.22,Partially cloudy,Partly cloudy throughout the day.,partly-cloudy-day,"remote,56959099999"
"21.95,100.44",2021-09-14,32.9,20,24.4,36.5,20,25,21,83.3,2,100,4.17,rain,,,18,7.2,52.5,1008.2,84.5,19.9,210.4,18.2,8,,2021-09-14T07:04:45,2021-09-14T19:22:41,0.25,"Rain, Partially cloudy",Partly cloudy throughout the day with early morning rain.,rain,"remote,56959099999"
"21.95,100.44",2021-09-15,31.6,20.5,24,35.1,20.5,24.4,21.6,88,0.2,100,4.17,rain,,,14.4,7.2,98.5,1009.1,86.8,17.7,136,11.7,5,,2021-09-15T07:05:01,2021-09-15T19:21:42,0.29,"Rain, Partially cloudy",Partly cloudy throughout the day with afternoon rain.,rain,"remote,56959099999"
"21.95,100.44",2021-09-16,33.4,20.5,24.4,36.7,20.5,25,21.1,84.4,2.7,100,70.83,rain,,,21.6,7.2,153.8,1008.3,94.6,27.6,191.5,16.5,7,,2021-09-16T07:05:17,2021-09-16T19:20:43,0.33,"Rain, Overcast",Cloudy skies throughout the day with a chance of rain throughout the day.,rain,"remote,56959099999"
"21.95,100.44",2021-09-17,32.1,19.6,23.7,35.4,19.6,24,20.8,85.4,1.1,100,8.33,rain,,0,34.2,8.6,180.5,1007.7,94.7,27.9,207.6,17.8,7,,2021-09-17T07:05:33,2021-09-17T19:19:44,0.36,"Rain, Overcast",Cloudy skies throughout the day with rain clearing later.,rain,"remote,56959099999"
"21.95,100.44",2021-09-18,32.1,19.2,24,36.7,19.2,24.6,21.2,86.1,1.1,100,8.33,rain,,,34.2,5.8,204,1008.3,87.7,28.3,226.3,19.6,8,,2021-09-18T07:05:49,2021-09-18T19:18:45,0.4,"Rain, Partially cloudy",Partly cloudy throughout the day with rain.,rain,"remote,56959099999"
"21.95,100.44",2021-09-19,33.1,20.1,24.6,38,20.1,25.4,21,83.2,0.2,100,4.17,rain,,0,27.7,12.6,229.7,1008.2,88.5,24.7,147.1,12.6,5,,2021-09-19T07:06:05,2021-09-19T19:17:46,0.43,"Rain, Partially cloudy",Partly cloudy throughout the day with morning rain.,rain,"remote,56959099999"
"21.95,100.44",2021-09-20,29.6,20.1,23.8,31.9,20.1,24.3,20.9,86.1,14.6,100,8.33,rain,,,27.4,4.3,85.1,1009.4,86.8,25.4,163.3,14.1,6,,2021-09-20T07:06:21,2021-09-20T19:16:47,0.47,"Rain, Partially cloudy",Partly cloudy throughout the day with rain in the morning and afternoon.,rain,"remote,56959099999"
"21.95,100.44",2021-09-21,32.2,19.1,23.5,34.4,19.1,23.8,20.2,84.1,14,100,12.5,rain,,,14.8,5,80,1008.8,74.5,24.7,267.1,23.1,9,,2021-09-21T07:06:38,2021-09-21T19:15:48,0.5,"Rain, Partially cloudy",Partly cloudy throughout the day with a chance of rain throughout the day.,rain,"remote,56959099999"
"21.95,100.44",2021-09-22,32.7,18.1,23.7,35.5,18.1,24.3,19.8,81.1,1.2,100,25,rain,,0,16.6,5.4,76.8,1007.4,57.4,27.4,278.5,24.1,10,,2021-09-22T07:06:54,2021-09-22T19:14:50,0.54,"Rain, Partially cloudy",Partly cloudy throughout the day with rain clearing later.,rain,"remote,56959099999"
"21.95,100.44",2021-09-23,33.2,18.5,23.6,36.4,18.5,24,20.2,83.2,0,0,0,,,,16.9,6.8,91,1008.5,55.9,26.7,183.8,15.8,6,,2021-09-23T07:07:11,2021-09-23T19:13:51,0.57,Partially cloudy,Partly cloudy throughout the day.,partly-cloudy-day,"remote,56959099999"
"21.95,100.44",2021-09-24,33.6,19.7,24.3,36.1,19.7,24.9,20.3,80.6,0,0,0,,,,16.9,5.4,89.3,1009,53.4,26,240.2,20.7,8,,2021-09-24T07:07:27,2021-09-24T19:12:52,0.6,Partially cloudy,Partly cloudy throughout the day.,partly-cloudy-day,"remote,56959099999"
"21.95,100.44",2021-09-25,30.7,18.8,23.1,33.2,18.8,23.4,20.2,84.7,0,0,0,,,,19.4,8.6,63,1008.9,62.5,27.3,225.9,19.6,7,,2021-09-25T07:07:44,2021-09-25T19:11:54,0.63,Partially cloudy,Partly cloudy throughout the day.,partly-cloudy-day,"remote,56959099999"
"21.95,100.44",2021-09-26,31.2,18.7,23.2,34.2,18.7,23.5,20,84.2,0.9,100,8.33,rain,,,19.4,8.3,79.2,1009.5,48.2,27.1,251.3,21.7,9,,2021-09-26T07:08:01,2021-09-26T19:10:55,0.67,"Rain, Partially cloudy",Partly cloudy throughout the day with rain in the morning and afternoon.,rain,"remote,56959099999"
"21.95,100.44",2021-09-27,32.1,18.7,23.5,34.3,18.7,23.9,19.7,81.8,2.6,100,66.67,rain,,0,18,7.9,95.8,1009.9,31.4,26.6,264.9,22.8,9,,2021-09-27T07:08:18,2021-09-27T19:09:57,0.7,"Rain, Partially cloudy",Partly cloudy throughout the day with a chance of rain throughout the day.,rain,"remote,56959099999"
"21.95,100.44",2021-09-28,33.1,18.1,24,35.6,18.1,24.5,19.5,79,0.2,100,8.33,rain,,,18.4,6.1,213.4,1009.4,46,26.6,255,22,9,,2021-09-28T07:08:36,2021-09-28T19:08:59,0.73,"Rain, Partially cloudy",Clearing in the afternoon with early morning rain.,rain,"remote,56959099999"
"21.95,100.44",2021-09-29,34.1,17.7,24.6,38.4,17.7,25.5,19.7,77.9,0,0,0,,,,18.4,5.8,188.7,1008,13.5,26.1,276.9,23.8,9,,2021-09-29T07:08:53,2021-09-29T19:08:02,0.75,Clear,Clear conditions throughout the day.,clear-day,"remote,56959099999"
"21.95,100.44",2021-09-30,32.7,19.6,24.6,37.3,19.6,25.3,20.4,79.5,0.7,100,29.17,rain,,,32.4,6.1,231.3,1008.1,50.9,22.7,219,19,7,,2021-09-30T07:09:11,2021-09-30T19:07:04,0.8,"Rain, Partially cloudy",Becoming cloudy in the afternoon with rain.,rain,"remote,56959099999"
"21.95,100.44",2021-10-01,32.7,19.5,25,36.3,19.5,25.8,20.8,80.2,1,100,25,rain,,,32.4,8.6,224.8,1008,23.3,28.4,241.2,20.8,8,,2021-10-01T07:09:29,2021-10-01T19:06:07,0.83,"Rain, Partially cloudy",Partly cloudy throughout the day with rain in the morning and afternoon.,rain,"remote,56959099999"
"21.95,100.44",2021-10-02,29.1,20.1,24.2,32.1,20.1,24.8,21.1,84.2,1.2,100,45.83,rain,,,19.8,6.5,224.9,1008.4,28.1,26.9,225.5,19.5,8,,2021-10-02T07:09:47,2021-10-02T19:05:10,0.86,"Rain, Partially cloudy",Partly cloudy throughout the day with rain.,rain,"remote,56959099999"
"21.95,100.44",2021-10-03,29.7,19.5,23.2,33.5,19.5,23.5,20.7,87.5,7.8,100,70.83,rain,,,17.3,6.5,204.7,1008.8,31.3,26.3,228.3,19.6,8,,2021-10-03T07:10:06,2021-10-03T19:04:14,0.89,"Rain, Partially cloudy",Partly cloudy throughout the day with a chance of rain throughout the day.,rain,"remote,56959099999"
"21.95,100.44",2021-10-04,29.1,19.5,23.5,33.1,19.5,24,20.5,85.4,26.7,100,12.5,rain,,1,19.8,6.1,173.8,1009.3,48.9,21,220.9,19.1,8,,2021-10-04T07:10:24,2021-10-04T19:03:18,0.93,"Rain, Partially cloudy",Partly cloudy throughout the day with a chance of rain throughout the day.,rain,"remote,56959099999"
"21.95,100.44",2021-10-05,32.6,18.8,23.6,34.3,18.8,24.1,19.9,82.1,1.4,100,25,rain,,0,19.8,5,71,1010,61.4,24.1,272.3,23.7,9,,2021-10-05T07:10:43,2021-10-05T19:02:22,0.96,"Rain, Partially cloudy",Partly cloudy throughout the day with rain clearing later.,rain,"remote,56959099999"
"21.95,100.44",2021-10-06,32.7,17.6,23.8,34.7,17.6,24.3,19.8,80.7,0.4,100,16.67,rain,,,19.8,7.6,66.6,1007.9,82.5,23.7,265.1,22.9,9,,2021-10-06T07:11:03,2021-10-06T19:01:27,0,"Rain, Partially cloudy",Partly cloudy throughout the day with rain.,rain,"remote,56959099999"
"21.95,100.44",2021-10-07,33.6,18.5,24.1,35.3,18.5,24.7,20.2,80.9,0,0,0,,,,19.8,5.8,80.1,1005.8,88.6,21,267.7,23.2,9,,2021-10-07T07:11:22,2021-10-07T19:00:32,0.02,Partially cloudy,Partly cloudy throughout the day.,partly-cloudy-day,"remote,56959099999"
"21.95,100.44",2021-10-08,33.7,18.6,24.7,35.1,18.6,25.2,19.8,76.9,0,0,0,,,,18.7,5.8,97.7,1004.6,51.4,20.7,265,22.8,9,,2021-10-08T07:11:42,2021-10-08T18:59:38,0.06,Partially cloudy,Partly cloudy throughout the day.,partly-cloudy-day,"remote,56959099999"
"21.95,100.44",2021-10-09,34.6,19.6,24.6,36.9,19.6,25.1,20.3,78.7,0.2,100,4.17,rain,,0,50.4,5.8,105,1004.4,62.6,18.7,195.5,16.8,7,,2021-10-09T07:12:03,2021-10-09T18:58:44,0.1,"Rain, Partially cloudy",Partly cloudy throughout the day with late afternoon rain.,rain,"remote,56959099999"
"21.95,100.44",2021-10-10,32.1,19.8,23.6,34.7,19.8,24,19.9,82.2,0.6,100,25,rain,,0,50.4,7.2,22.9,1004.2,83.8,20.4,193,16.6,8,,2021-10-10T07:12:24,2021-10-10T18:57:51,0.13,"Rain, Partially cloudy",Partly cloudy throughout the day with rain.,rain,"remote,56959099999"
"21.95,100.44",2021-10-11,28.2,16.8,20.6,29.9,16.8,20.7,18.3,87.4,1.8,100,8.33,rain,,0,18,8.3,38.7,1005.9,90.7,23.9,116.1,10.1,4,,2021-10-11T07:12:45,2021-10-11T18:56:58,0.17,"Rain, Overcast",Cloudy skies throughout the day with rain.,rain,"remote,56959099999"
"21.95,100.44",2021-10-12,30.6,16.5,21.4,32.5,16.5,21.6,18.1,84.5,0.6,100,8.33,rain,,0,18,7.9,49.5,1007.6,62,25.6,208.9,18,7,,2021-10-12T07:13:06,2021-10-12T18:56:06,0.2,"Rain, Partially cloudy",Partly cloudy throughout the day with rain clearing later.,rain,"remote,56959099999"
"21.95,100.44",2021-10-13,32.2,15.9,22.1,33,15.9,22.2,17.5,78.6,0,0,0,,,,17.6,7.9,39.8,1006.2,76.6,28,266.2,23.1,9,,2021-10-13T07:13:28,2021-10-13T18:55:15,0.25,Partially cloudy,Partly cloudy throughout the day.,partly-cloudy-day,"remote,56959099999"
"21.95,100.44",2021-10-14,29.6,17,21.8,31.2,17,22,18.1,81,0.1,100,4.17,rain,,0,22,8.6,23.7,1005.1,94.7,26.7,176.7,15.1,8,,2021-10-14T07:13:50,2021-10-14T18:54:24,0.27,"Rain, Overcast",Cloudy skies throughout the day with morning rain.,rain,"remote,56959099999"
"21.95,100.44",2021-10-15,24.1,17.2,19.6,24.1,17.2,19.6,18.6,94.1,7.1,100,12.5,rain,,0.3,21.2,6.8,62.8,1008.2,96.3,16.4,66.3,5.8,2,,2021-10-15T07:14:13,2021-10-15T18:53:34,0.31,"Rain, Overcast",Cloudy skies throughout the day with rain.,rain,"remote,56959099999"
"21.95,100.44",2021-10-16,21.7,16.8,18.9,21.7,16.8,18.9,18.2,96.8,23,100,20.83,rain,,1.3,10.4,7.2,57,1013.1,94.1,8.7,68,5.8,2,,2021-10-16T07:14:36,2021-10-16T18:52:44,0.34,"Rain, Overcast",Cloudy skies throughout the day with a chance of rain throughout the day.,rain,"remote,56959099999"
"21.95,100.44",2021-10-17,26.7,14.5,19.4,26.7,14.5,19.4,15.3,80,0,0,0,,,0,14.8,9.7,64.2,1016,76.3,30,229.6,19.9,9,,2021-10-17T07:15:00,2021-10-17T18:51:55,0.38,Partially cloudy,Partly cloudy throughout the day.,partly-cloudy-day,"remote,56959099999"
"21.95,100.44",2021-10-18,27.1,15.1,20.4,28.1,15.1,20.5,17,82.5,0.2,100,8.33,rain,,,11.5,5.8,76.1,1015.1,83.9,28.6,196.2,16.7,7,,2021-10-18T07:15:24,2021-10-18T18:51:08,0.41,"Rain, Partially cloudy",Partly cloudy throughout the day with morning rain.,rain,"remote,56959099999"
"21.95,100.44",2021-10-19,29.7,17.1,22,31.6,17.1,22.2,19,84.5,0,0,0,,,,11.9,4.7,133.5,1015,89.2,25,199.3,17.1,7,,2021-10-19T07:15:48,2021-10-19T18:50:20,0.45,Partially cloudy,Partly cloudy throughout the day.,partly-cloudy-day,"remote,56959099999"
"21.95,100.44",2021-10-20,28.2,17.8,22.5,30.8,17.8,22.8,20.2,88,3.3,100,54.17,rain,,,17.6,5.8,211.2,1013,85.9,26,231.8,20,8,,2021-10-20T07:16:13,2021-10-20T18:49:34,0.5,"Rain, Partially cloudy",Partly cloudy throughout the day with rain.,rain,"remote,56959099999"
"21.95,100.44",2021-10-21,29.1,18.5,23.3,32.7,18.5,23.8,20.9,87.7,3,100,70.83,rain,,,19.8,5,224.1,1010.8,66.3,23.6,167.8,14.5,6,,2021-10-21T07:16:39,2021-10-21T18:48:48,0.52,"Rain, Partially cloudy",Partly cloudy throughout the day with a chance of rain throughout the day.,rain,"remote,56959099999"
"21.95,100.44",2021-10-22,24.2,15.8,20,24.2,15.8,20,18.3,92.6,19.3,100,20.83,rain,,1,17.6,5.8,93.4,1012,72.3,13,177,15.3,7,,2021-10-22T07:17:05,2021-10-22T18:48:04,0.55,"Rain, Partially cloudy",Partly cloudy throughout the day with a chance of rain throughout the day.,rain,"remote,56959099999"
"21.95,100.44",2021-10-23,22.1,13.8,17.5,22.1,13.8,17.5,16.5,94,6.7,100,16.67,rain,,0,17.6,6.1,90.4,1015.7,77.6,14.1,166.9,14.4,6,,2021-10-23T07:17:31,2021-10-23T18:47:20,0.58,"Rain, Partially cloudy",Partly cloudy throughout the day with a chance of rain throughout the day.,rain,"remote,56959099999"
"21.95,100.44",2021-10-24,25.7,14.3,18,25.7,14.3,18,16.3,92.8,5.8,100,12.5,rain,,0,8.6,4,62.3,1016.4,80.7,16.3,106.6,9.3,4,,2021-10-24T07:17:58,2021-10-24T18:46:37,0.62,"Rain, Partially cloudy",Partly cloudy throughout the day with rain clearing later.,rain,"remote,56959099999"
"21.95,100.44",2021-10-25,24.2,15.2,19.6,24.2,15.2,19.6,17.9,92.1,0.6,100,12.5,rain,,0,12.6,4,96.2,1014.7,75.1,18,165.6,14.4,6,,2021-10-25T07:18:25,2021-10-25T18:45:55,0.65,"Rain, Partially cloudy",Partly cloudy throughout the day with a chance of rain throughout the day.,rain,"remote,56959099999"
"21.95,100.44",2021-10-26,26.5,15.8,20.7,26.5,15.8,20.7,18.4,89.2,10.2,100,8.33,rain,,0.3,9.4,4,103,1013.6,38.4,18.7,220.4,18.8,8,,2021-10-26T07:18:53,2021-10-26T18:45:14,0.68,"Rain, Partially cloudy",Partly cloudy throughout the day with rain clearing later.,rain,"remote,56959099999"
"21.95,100.44",2021-10-27,29.6,16.6,21.2,31.3,16.6,21.3,18.5,87.7,0.1,100,4.17,rain,,0,12.2,4.3,95.7,1013.7,46,20.6,214.9,18.4,8,,2021-10-27T07:19:22,2021-10-27T18:44:34,0.71,"Rain, Partially cloudy",Partly cloudy throughout the day with early morning rain.,rain,"remote,56959099999"
"21.95,100.44",2021-10-28,28.6,16,21.5,29.8,16,21.7,18.5,85.1,0.2,100,8.33,rain,,,13,5.8,111.1,1014,43.6,24.9,222,19,8,,2021-10-28T07:19:51,2021-10-28T18:43:55,0.75,"Rain, Partially cloudy",Partly cloudy throughout the day with early morning rain.,rain,"remote,56959099999"
"21.95,100.44",2021-10-29,29.7,16.1,21.5,31.7,16.1,21.7,18.6,85.2,0.4,100,16.67,rain,,,24.5,5.8,100.1,1014.7,40.6,21.7,223.9,19.4,8,,2021-10-29T07:20:20,2021-10-29T18:43:17,0.75,"Rain, Partially cloudy",Partly cloudy throughout the day with afternoon rain.,rain,"remote,56959099999"
"21.95,100.44",2021-10-30,27.1,17.1,21,29,17.1,21.1,19.3,91.2,0.8,100,4.17,rain,,0,16.6,5.8,115.1,1014.2,45.2,23,167.1,14.5,6,,2021-10-30T07:20:50,2021-10-30T18:42:40,0.81,"Rain, Partially cloudy",Partly cloudy throughout the day with afternoon rain.,rain,"remote,56959099999"
"21.95,100.44",2021-10-31,27.7,16.9,22.2,29.4,16.9,22.5,19.4,86.5,2.3,100,58.33,rain,,0,17.6,4.3,174.6,1013.2,46.4,27.1,182.1,15.8,7,,2021-10-31T07:21:21,2021-10-31T18:42:04,0.85,"Rain, Partially cloudy",Clearing in the afternoon with a chance of rain throughout the day.,rain,"remote,56959099999"
"21.95,100.44",2021-11-01,28.1,17.9,22.5,30.2,17.9,22.6,19.9,86.8,2.5,100,12.5,rain,,0,15.5,5,219.4,1013.2,43.1,16.9,169.9,14.6,6,,2021-11-01T07:21:52,2021-11-01T18:41:29,0.88,"Rain, Partially cloudy",Partly cloudy throughout the day with a chance of rain throughout the day.,rain,"remote,56959099999"
"21.95,100.44",2021-11-02,30.2,18.6,22.2,32.4,18.6,22.4,19.2,84.5,2,100,50,rain,,0,14.4,7.2,212.9,1013.7,82.6,26.6,156.4,13.5,5,,2021-11-02T07:22:23,2021-11-02T18:40:55,0.91,"Rain, Partially cloudy",Partly cloudy throughout the day with a chance of rain throughout the day.,rain,"remote,56959099999"
"21.95,100.44",2021-11-03,30.6,16.7,22.4,32.5,16.7,22.7,18.8,82,1.9,100,50,rain,,,13.7,6.8,223.8,1012.4,50.3,28.4,171.3,14.6,6,,2021-11-03T07:22:55,2021-11-03T18:40:23,0.94,"Rain, Partially cloudy",Partly cloudy throughout the day with a chance of rain throughout the day.,rain,"remote,56959099999"
"21.95,100.44",2021-11-04,27.7,18.2,21.3,30.1,18.2,21.5,19,86.6,1.9,100,50,rain,,,13.7,5,233.1,1011.7,63.3,27.4,97.3,8.5,4,,2021-11-04T07:23:28,2021-11-04T18:39:51,0.98,"Rain, Partially cloudy",Partly cloudy throughout the day with a chance of rain throughout the day.,rain,"remote,56959099999"
"21.95,100.44",2021-11-05,28.7,16,21.7,30.8,16,21.9,18.7,85.5,0.6,100,25,rain,,,13.7,5.8,252.4,1010.3,45.4,21.1,212.2,18.4,8,,2021-11-05T07:24:01,2021-11-05T18:39:21,0,"Rain, Partially cloudy",Partly cloudy throughout the day with rain in the morning and afternoon.,rain,"remote,56959099999"
"21.95,100.44",2021-11-06,29.1,16.6,21.8,30.6,16.6,21.9,18.8,84.8,0.7,100,29.17,rain,,,14,5.4,254.8,1008.6,39.1,24.6,221.9,19.1,8,,2021-11-06T07:24:34,2021-11-06T18:38:52,0.04,"Rain, Partially cloudy",Partly cloudy throughout the day with rain.,rain,"remote,56959099999"
"21.95,100.44",2021-11-07,31.1,16.4,22,31.5,16.4,22.1,18.1,80.2,0.1,100,4.17,rain,,,14,5.4,348.3,1009.7,26.2,27.7,222.8,19.3,8,,2021-11-07T07:25:09,2021-11-07T18:38:24,0.08,"Rain, Partially cloudy",Partly cloudy throughout the day with afternoon rain.,rain,"remote,56959099999"
"21.95,100.44",2021-11-08,29.1,13.3,19.2,30.8,13.3,19.3,15.6,81.7,0.8,100,16.67,rain,,,25.2,8.3,72.2,1011.8,34.9,28.1,219.7,19,8,,2021-11-08T07:25:43,2021-11-08T18:37:58,0.11,"Rain, Partially cloudy",Partly cloudy throughout the day with early morning rain.,rain,"remote,56959099999"
"21.95,100.44",2021-11-09,23.7,11.2,18.1,23.7,11.2,18.1,15.9,88,0.3,100,4.17,rain,,0,25.2,7.6,93.1,1013.4,29.4,24.6,215.7,18.6,8,,2021-11-09T07:26:18,2021-11-09T18:37:33,0.15,"Rain, Partially cloudy",Partly cloudy throughout the day with afternoon rain.,rain,"remote,56959099999"
"21.95,100.44",2021-11-10,26.7,12.9,18.6,26.7,12.9,18.6,15.7,86,1.3,100,25,rain,,0,23.8,8.3,112.1,1013.8,67.7,27.6,218.3,18.8,8,,2021-11-10T07:26:53,2021-11-10T18:37:09,0.18,"Rain, Partially cloudy",Partly cloudy throughout the day with rain clearing later.,rain,"remote,56959099999"
"21.95,100.44",2021-11-11,24.6,12.5,18.9,24.6,12.5,18.9,16.3,85.9,1.1,100,37.5,rain,,,23.8,5.4,138.9,1013.1,78.2,28.7,214.2,18.5,8,,2021-11-11T07:27:29,2021-11-11T18:36:46,0.25,"Rain, Partially cloudy",Partly cloudy throughout the day with a chance of rain throughout the day.,rain,"remote,56959099999"
"21.95,100.44",2021-11-12,28.7,15,20.6,30.4,15,20.7,17.7,85.2,0.7,100,29.17,rain,,,23,8.3,135.7,1013.2,84.9,29.9,183.5,15.9,7,,2021-11-12T07:28:06,2021-11-12T18:36:24,0.25,"Rain, Partially cloudy",Partly cloudy throughout the day with rain.,rain,"remote,56959099999"
"21.95,100.44",2021-11-13,24.7,13.9,18,24.7,13.9,18,15.9,88.3,2.2,100,54.17,rain,,,23,6.8,96.2,1013.5,93.6,27.1,104.6,9.2,4,,2021-11-13T07:28:42,2021-11-13T18:36:04,0.29,"Rain, Overcast",Cloudy skies throughout the day with rain.,rain,"remote,56959099999"
"21.95,100.44",2021-11-14,21.6,13.9,17.5,21.6,13.9,17.5,16.5,94.6,13,100,8.33,rain,,0.3,20.2,4,113.5,1013.5,93.9,13.6,108.5,9.2,5,,2021-11-14T07:29:19,2021-11-14T18:35:46,0.32,"Rain, Overcast",Cloudy skies throughout the day with rain clearing later.,rain,"remote,56959099999"
"21.95,100.44",2021-11-15,26.7,14.6,20,26.7,14.6,20,17.9,90.2,1.3,100,8.33,rain,,0,13,4,138.2,1010.8,90.3,14.1,168.6,14.6,7,,2021-11-15T07:29:57,2021-11-15T18:35:28,0.35,"Rain, Overcast",Cloudy skies throughout the day with rain.,rain,"remote,56959099999"
"21.95,100.44",2021-11-16,29.2,16.6,21.5,31.8,16.6,21.7,19.2,88.1,1.8,100,45.83,rain,,0,23.4,8.6,181.7,1010.2,46.3,18.1,196,16.7,8,,2021-11-16T07:30:35,2021-11-16T18:35:12,0.39,"Rain, Partially cloudy",Clearing in the afternoon with rain.,rain,"remote,56959099999"
"21.95,100.44",2021-11-17,28.6,17.5,21.8,30.3,17.5,22.1,19.3,87,14.3,100,8.33,rain,,0.7,23.4,5,229.9,1013.3,56,15.7,150.9,13.1,6,,2021-11-17T07:31:13,2021-11-17T18:34:57,0.42,"Rain, Partially cloudy",Partly cloudy throughout the day with morning rain.,rain,"remote,56959099999"
"21.95,100.44",2021-11-18,27.2,16.3,20.3,28.9,16.3,20.4,17.8,86.1,1,100,4.17,rain,,0,14.8,4.3,94.1,1012.1,68.9,18.1,158.4,13.6,6,,2021-11-18T07:31:51,2021-11-18T18:34:44,0.46,"Rain, Partially cloudy",Partly cloudy throughout the day with late afternoon rain.,rain,"remote,56959099999"
"21.95,100.44",2021-11-19,30.2,14.6,20,31.2,14.6,20.1,16.8,83.7,0,0,0,,,0,14.8,6.8,257.9,1008.8,83.1,19,226.9,19.7,8,,2021-11-19T07:32:30,2021-11-19T18:34:32,0.5,Partially cloudy,Partly cloudy throughout the day.,partly-cloudy-day,"remote,56959099999"
"21.95,100.44",2021-11-20,30.6,12.3,19.4,30,12.3,19.4,15.4,80.3,0,0,0,,,,18,6.8,266.4,1009,57.2,27.4,227.9,19.7,8,,2021-11-20T07:33:09,2021-11-20T18:34:21,0.53,Partially cloudy,Partly cloudy throughout the day.,partly-cloudy-day,"remote,56959099999"
"21.95,100.44",2021-11-21,29.2,13.7,20.1,29.8,13.7,20.2,15.9,79.2,0,0,0,,,,18,5,237,1011.2,18.8,25.6,225.8,19.5,8,,2021-11-21T07:33:48,2021-11-21T18:34:12,0.56,Clear,Clear conditions throughout the day.,clear-day,"remote,56959099999"
"21.95,100.44",2021-11-22,28.2,15,20.6,29.3,15,20.7,17.1,82.4,0,0,0,,,,13.7,5,135.3,1012.3,17,23.7,201.9,17.5,7,,2021-11-22T07:34:27,2021-11-22T18:34:05,0.59,Clear,Clear conditions throughout the day.,clear-day,"remote,56959099999"
"21.95,100.44",2021-11-23,28.2,14,18.4,29.8,14,18.5,15.9,86.6,0.3,100,12.5,rain,,,15.8,6.5,95.4,1011.9,46.8,20.3,144.3,12.3,5,,2021-11-23T07:35:07,2021-11-23T18:33:58,0.63,"Rain, Partially cloudy",Partly cloudy throughout the day with rain.,rain,"remote,56959099999"
"21.95,100.44",2021-11-24,21.7,11.4,15.8,21.7,11.4,15.8,14.5,92,2.1,100,16.67,rain,,0,17.3,6.1,88.8,1014.2,42.3,28,126.4,10.9,4,,2021-11-24T07:35:47,2021-11-24T18:33:53,0.66,"Rain, Partially cloudy",Partly cloudy throughout the day with a chance of rain throughout the day.,rain,"remote,56959099999"
"21.95,100.44",2021-11-25,22.6,11.7,15.9,22.6,11.7,15.9,14.4,91.4,0.9,100,4.17,rain,,0,16.6,4.7,74.3,1016.3,59.2,25.7,145.5,12.5,5,,2021-11-25T07:36:27,2021-11-25T18:33:50,0.69,"Rain, Partially cloudy",Partly cloudy throughout the day with late afternoon rain.,rain,"remote,56959099999"
"21.95,100.44",2021-11-26,24.7,11.5,16.9,24.7,11.5,16.9,15.3,91.1,2.1,100,8.33,rain,,0,22.3,10.1,103.4,1015.8,48.6,20.9,138,11.8,6,,2021-11-26T07:37:07,2021-11-26T18:33:47,0.73,"Rain, Partially cloudy",Partly cloudy throughout the day with rain clearing later.,rain,"remote,56959099999"
"21.95,100.44",2021-11-27,24.2,12.2,16.6,24.2,12.2,16.6,14.5,88.2,0.8,100,33.33,rain,,,22.3,8.6,91.4,1017.1,69.9,27.3,126,10.9,5,,2021-11-27T07:37:47,2021-11-27T18:33:47,0.75,"Rain, Partially cloudy",Partly cloudy throughout the day with a chance of rain throughout the day.,rain,"remote,56959099999"
"21.95,100.44",2021-11-28,25.1,11.8,17.2,25.1,11.8,17.2,14.5,86,0.1,100,4.17,rain,,0,18.7,4.7,75.6,1017.4,56,25,173,15,7,,2021-11-28T07:38:27,2021-11-28T18:33:47,0.79,"Rain, Partially cloudy",Clearing in the afternoon with morning rain.,rain,"remote,56959099999"
"21.95,100.44",2021-11-29,26.2,11.9,17.6,26.2,11.9,17.6,14.4,84.4,0,0,0,,,,14.8,6.1,85.2,1016.7,94.3,21.7,201.7,17.3,8,,2021-11-29T07:39:07,2021-11-29T18:33:49,0.83,Overcast,Cloudy skies throughout the day.,cloudy,"remote,56959099999"
"21.95,100.44",2021-11-30,26.6,12.3,17,26.6,12.3,17,13.7,83.2,0,0,0,,,,23.8,8.3,67.7,1017.8,80.3,21.6,190.2,16.4,7,,2021-11-30T07:39:47,2021-11-30T18:33:53,0.86,Partially cloudy,Partly cloudy throughout the day.,partly-cloudy-day,"remote,56959099999"
"21.95,100.44",2021-12-01,25.6,10,15.5,25.6,10,15.5,12,81.8,0,0,0,,,,23.8,6.5,72.2,1018.5,63.7,22.4,207.4,18.1,8,,2021-12-01T07:40:27,2021-12-01T18:33:58,0.89,Partially cloudy,Partly cloudy throughout the day.,partly-cloudy-day,"remote,56959099999"
"21.95,100.44",2021-12-02,24.1,9.2,14.5,24.1,9.2,14.5,10.8,80.9,0,0,0,,,,13.7,5.8,75,1019.4,63.7,19.7,214.7,18.5,8,,2021-12-02T07:41:07,2021-12-02T18:34:04,0.93,Partially cloudy,Partly cloudy throughout the day.,partly-cloudy-day,"remote,56959099999"
"21.95,100.44",2021-12-03,23.7,7.1,13.6,23.7,7.1,13.5,9,77.4,0,0,0,,,,13.7,6.5,85.6,1020.7,32.2,22.1,219.8,19,8,,2021-12-03T07:41:47,2021-12-03T18:34:11,0.96,Partially cloudy,Partly cloudy throughout the day.,partly-cloudy-day,"remote,56959099999"
"21.95,100.44",2021-12-04,23.7,7.3,13.9,23.7,6.3,13.7,9.1,76.2,0,0,0,,,,14.8,6.1,93.6,1020.5,69,19.1,206.5,18,8,,2021-12-04T07:42:27,2021-12-04T18:34:20,0,Partially cloudy,Partly cloudy throughout the day.,partly-cloudy-day,"remote,56959099999"
"21.95,100.44",2021-12-05,24.7,7.6,14.5,24.7,6.5,14.3,10.3,78.3,0,0,0,,,,14.8,6.5,70.4,1020.5,13.9,18.4,200.2,17.3,8,,2021-12-05T07:43:06,2021-12-05T18:34:31,0.03,Clear,Clear conditions throughout the day.,clear-day,"remote,56959099999"
"21.95,100.44",2021-12-06,25.1,9.1,15,25.1,8.6,15,11.2,80.5,0,0,0,,,,14.8,6.1,79.7,1019.3,19,15.4,184.9,15.8,7,,2021-12-06T07:43:45,2021-12-06T18:34:42,0.06,Clear,Clear conditions throughout the day.,clear-day,"remote,56959099999"
"21.95,100.44",2021-12-07,25.7,9.5,15.5,25.7,9.5,15.5,10.5,75.9,0,0,0,,,,13.3,6.1,106.3,1018.3,10.5,14.7,206.5,17.9,8,,2021-12-07T07:44:24,2021-12-07T18:34:55,0.1,Clear,Clear conditions throughout the day.,clear-day,"remote,56959099999"
"21.95,100.44",2021-12-08,26.2,9.2,15.6,26.2,8.7,15.6,10.5,74.6,0,0,0,,,,13.7,6.5,85.3,1019.1,0.3,17.4,211.8,18.3,8,,2021-12-08T07:45:02,2021-12-08T18:35:09,0.13,Clear,Clear conditions throughout the day.,clear-day,"remote,56959099999"
"21.95,100.44",2021-12-09,26.6,8.9,16.3,26.6,8.1,16.2,12,78.7,0,0,0,,,,13.7,6.5,90.3,1020.1,8.9,15,211.5,18.2,8,,2021-12-09T07:45:40,2021-12-09T18:35:25,0.16,Clear,Clear conditions throughout the day.,clear-day,"remote,56959099999"
"21.95,100.44",2021-12-10,26.7,11.9,17.6,26.7,11.9,17.6,13.7,80.2,0,0,0,,,,12.6,6.1,172.9,1017.8,15.7,15.3,201.8,17.4,8,,2021-12-10T07:46:18,2021-12-10T18:35:42,0.2,Clear,Clear conditions throughout the day.,clear-day,"remote,56959099999"
"21.95,100.44",2021-12-11,27.2,13.2,18.5,28,13.2,18.6,15.1,82.7,0,0,0,,,,13.7,5.8,160.8,1016.6,16.3,16.9,190.6,16.4,7,,2021-12-11T07:46:56,2021-12-11T18:36:00,0.25,Clear,Clear conditions throughout the day.,clear-day,"remote,56959099999"
"21.95,100.44",2021-12-12,25.1,13.1,17.9,25.1,13.1,17.9,15.4,87.7,0.5,100,4.17,rain,,0,13.3,5.4,97.1,1017.7,24.1,15.1,176.1,15.2,7,,2021-12-12T07:47:32,2021-12-12T18:36:19,0.26,"Rain, Partially cloudy",Partly cloudy throughout the day with morning rain.,rain,"remote,56959099999"
"21.95,100.44",2021-12-13,22.7,11.5,16.2,22.7,11.5,16.2,13.9,87.6,0.5,100,8.33,rain,,0,17.3,5.4,80.2,1017.5,41.1,18.7,156.1,13.6,6,,2021-12-13T07:48:09,2021-12-13T18:36:39,0.3,"Rain, Partially cloudy",Becoming cloudy in the afternoon with rain.,rain,"remote,56959099999"
"21.95,100.44",2021-12-14,25.7,9.9,16.6,25.7,9.9,16.6,12.5,80,0.1,100,4.17,rain,,0,17.3,6.1,136.5,1015.9,19.9,17.7,204.6,17.7,8,,2021-12-14T07:48:44,2021-12-14T18:37:01,0.33,Rain,Clear conditions throughout the day with early morning rain.,rain,"remote,56959099999"
"21.95,100.44",2021-12-15,25.7,10.1,17,25.7,10.1,17,12.1,76.4,0,0,0,,,,15.1,6.1,242,1014.4,8.4,21.1,214.1,18.4,8,,2021-12-15T07:49:19,2021-12-15T18:37:24,0.36,Clear,Clear conditions throughout the day.,clear-day,"remote,56959099999"
"21.95,100.44",2021-12-16,25.6,9.1,16.5,25.6,8.3,16.4,10.8,72.9,0,0,0,,,,15.5,6.8,326.2,1015.5,71.4,23.3,217.8,18.8,8,,2021-12-16T07:49:54,2021-12-16T18:37:47,0.4,Partially cloudy,Partly cloudy throughout the day.,partly-cloudy-day,"remote,56959099999"
"21.95,100.44",2021-12-17,25.6,8.3,15.4,25.6,7.3,15.3,11.5,80.3,0,0,0,,,,13.7,6.8,62.2,1017.6,30.1,25.4,202.2,17.4,7,,2021-12-17T07:50:28,2021-12-17T18:38:12,0.43,Partially cloudy,Partly cloudy throughout the day.,partly-cloudy-day,"remote,56959099999"
"21.95,100.44",2021-12-18,25.1,10.1,14.8,25.1,10.1,14.8,11.1,81.5,0,0,0,,,,14.8,6.1,90.2,1018.2,22.8,17.3,195.2,17,7,,2021-12-18T07:51:01,2021-12-18T18:38:38,0.47,Partially cloudy,Partly cloudy throughout the day.,partly-cloudy-day,"remote,56959099999"
"21.95,100.44",2021-12-19,21.7,8,13.8,21.7,8,13.7,9.6,78.6,0,0,0,,,,15.1,6.5,89.5,1018.8,35.4,11.3,205.8,17.8,8,,2021-12-19T07:51:33,2021-12-19T18:39:06,0.5,Partially cloudy,Partly cloudy throughout the day.,partly-cloudy-day,"remote,56959099999"
"21.95,100.44",2021-12-20,23.6,6.8,13.8,23.6,6.2,13.7,9.5,78.2,0,0,0,,,,13.7,5.8,78.6,1018.1,23,13.3,203.8,17.6,8,,2021-12-20T07:52:05,2021-12-20T18:39:34,0.53,Partially cloudy,Partly cloudy throughout the day.,partly-cloudy-day,"remote,56959099999"
"21.95,100.44",2021-12-21,23.1,8.6,14.8,23.1,8.6,14.8,10.8,80.1,0,0,0,,,,13.3,6.8,134.9,1017,17.6,13.1,195.1,16.9,7,,2021-12-21T07:52:36,2021-12-21T18:40:03,0.57,Clear,Clear conditions throughout the day.,clear-day,"remote,56959099999"
"21.95,100.44",2021-12-22,23.7,9.4,15.5,23.7,9.4,15.5,11.5,79.3,0,0,0,,,,13,6.5,136.1,1015.8,17.1,14.4,183.7,15.9,7,,2021-12-22T07:53:05,2021-12-22T18:40:33,0.6,Clear,Clear conditions throughout the day.,clear-day,"remote,56959099999"
"21.95,100.44",2021-12-23,22.1,10.6,15.4,22.1,10.6,15.4,12.4,83.4,1.4,100,37.5,rain,,,11.2,6.1,205.1,1014,20.3,11.4,162.6,14,6,,2021-12-23T07:53:34,2021-12-23T18:41:04,0.64,"Rain, Partially cloudy",Partly cloudy throughout the day with rain.,rain,"remote,56959099999"
"21.95,100.44",2021-12-24,23.2,11,16.2,23.2,11,16.2,12.8,82.3,4.1,100,8.33,rain,,0,13.3,5.8,215.9,1014.1,19.7,12.3,183.1,15.8,7,,2021-12-24T07:54:03,2021-12-24T18:41:35,0.67,Rain,Clear conditions throughout the day with rain in the morning and afternoon.,rain,"remote,56959099999"
"21.95,100.44",2021-12-25,21.6,10.2,16.1,21.6,10.2,16.1,13.3,85.9,9.3,100,8.33,rain,,0.7,14.4,5.4,140.7,1016,21.5,13.4,174.4,14.9,7,,2021-12-25T07:54:30,2021-12-25T18:42:08,0.7,"Rain, Partially cloudy",Partly cloudy throughout the day with rain in the morning and afternoon.,rain,"remote,56959099999"
"21.95,100.44",2021-12-26,24.1,13.5,17.4,24.1,13.5,17.4,13.7,81.5,2.2,100,12.5,rain,,0,15.5,5.8,187.2,1017.3,22.9,11.3,176.2,15.2,7,,2021-12-26T07:54:56,2021-12-26T18:42:42,0.74,"Rain, Partially cloudy",Partly cloudy throughout the day with a chance of rain throughout the day.,rain,"remote,56959099999"
"21.95,100.44",2021-12-27,25.6,11.4,15.9,25.6,11.4,15.9,13.7,87.9,0.6,100,25,rain,,0,18.7,6.1,105.3,1017.7,36.7,15.7,126.2,10.9,4,,2021-12-27T07:55:21,2021-12-27T18:43:16,0.75,"Rain, Partially cloudy",Partly cloudy throughout the day with rain clearing later.,rain,"remote,56959099999"
"21.95,100.44",2021-12-28,26.6,10,16.2,26.6,10,16.2,13.2,84.1,0,0,0,,,,18.7,5.4,115.8,1017.6,26.8,18.4,178.5,15.5,7,,2021-12-28T07:55:45,2021-12-28T18:43:51,0.81,Partially cloudy,Partly cloudy throughout the day.,partly-cloudy-day,"remote,56959099999"
"21.95,100.44",2021-12-29,26.7,10.9,17.4,26.7,10.9,17.4,13.8,81.6,0,0,0,,,,13.7,5.8,105.3,1018.7,17.5,17.4,201.3,17.3,7,,2021-12-29T07:56:08,2021-12-29T18:44:26,0.84,Clear,Clear conditions throughout the day.,clear-day,"remote,56959099999"
"21.95,100.44",2021-12-30,26.2,11.8,17,26.2,11.8,17,14,84.3,0,0,0,,,,18.7,5,101,1019.9,33.1,21.3,175,15.1,7,,2021-12-30T07:56:30,2021-12-30T18:45:03,0.88,Partially cloudy,Partly cloudy throughout the day.,partly-cloudy-day,"remote,56959099999"
"21.95,100.44",2021-12-31,27.2,11.5,17.2,27.8,11.5,17.2,14.1,84.4,0,0,0,,,,18.7,6.5,123.1,1018.6,47.5,22.1,153.6,13.3,6,,2021-12-31T07:56:51,2021-12-31T18:45:40,0.91,Partially cloudy,Partly cloudy throughout the day.,partly-cloudy-day,"remote,56959099999"
